Date,Open*,High,Low,Close**,Volume
"Dec 31, 2022",$6.80,$6.81,$6.18,$6.41,$0
"Dec 30, 2022",$7.29,$7.37,$6.29,$6.80,$0
"Dec 29, 2022",$6.57,$7.38,$6.51,$7.29,$0
"Dec 28, 2022",$7.35,$7.37,$6.52,$6.57,$0
"Dec 27, 2022",$8.99,$8.99,$6.14,$7.35,$0
"Dec 26, 2022",$7.96,$8.99,$6.14,$8.99,$0
"Dec 25, 2022",$7.96,$8.95,$6.39,$7.96,$0
"Dec 24, 2022",$7.49,$8.00,$6.59,$7.96,$0
"Dec 23, 2022",$8.09,$8.17,$5.93,$7.49,$0
"Dec 22, 2022",$8.12,$8.18,$5.61,$8.09,$0
"Dec 21, 2022",$7.20,$8.18,$6.23,$8.12,$0
"Dec 20, 2022",$6.17,$7.41,$6.11,$7.20,$0
"Dec 19, 2022",$6.96,$6.98,$6.12,$6.17,$0
"Dec 18, 2022",$6.93,$6.98,$6.38,$6.96,$0
"Dec 17, 2022",$7.02,$7.25,$6.63,$6.93,$0
"Dec 16, 2022",$7.12,$7.27,$6.92,$7.02,$0
"Dec 15, 2022",$7.14,$7.26,$6.90,$7.12,$0
"Dec 14, 2022",$8.18,$8.18,$6.92,$7.14,$0
"Dec 13, 2022",$6.82,$8.18,$6.64,$8.18,$0
"Dec 12, 2022",$8.02,$8.18,$6.63,$6.82,$0
"Dec 11, 2022",$8.00,$8.18,$6.77,$8.02,$0
"Dec 10, 2022",$7.25,$8.18,$7.00,$8.00,$0
"Dec 09, 2022",$7.95,$7.95,$7.19,$7.25,$0
"Dec 08, 2022",$7.37,$8.10,$7.36,$7.95,$0
"Dec 07, 2022",$7.86,$7.87,$7.33,$7.37,$0
"Dec 06, 2022",$7.63,$7.87,$7.19,$7.86,$0
"Dec 05, 2022",$8.28,$8.34,$7.50,$7.63,$0
"Dec 04, 2022",$9.02,$9.02,$6.76,$8.28,$0
"Dec 03, 2022",$8.25,$9.04,$7.59,$9.02,$0
"Dec 02, 2022",$8.67,$9.03,$7.48,$8.25,$0
"Dec 01, 2022",$8.45,$8.86,$7.19,$8.67,$0
"Nov 30, 2022",$7.95,$8.85,$7.64,$8.45,$0
"Nov 29, 2022",$8.20,$9.21,$7.95,$7.95,$0
"Nov 28, 2022",$8.31,$8.49,$8.12,$8.20,$0
"Nov 27, 2022",$8.97,$8.97,$7.72,$8.31,$0
"Nov 26, 2022",$8.98,$9.04,$8.64,$8.97,$0
"Nov 25, 2022",$8.69,$9.01,$8.64,$8.98,$0
"Nov 24, 2022",$8.24,$9.26,$8.16,$8.69,$0
"Nov 23, 2022",$8.28,$8.48,$8.13,$8.24,$0
"Nov 22, 2022",$8.08,$8.34,$7.94,$8.28,$0
"Nov 21, 2022",$8.54,$8.79,$7.96,$8.08,$0
"Nov 20, 2022",$8.37,$8.85,$8.13,$8.54,$0
"Nov 19, 2022",$7.42,$8.68,$7.38,$8.37,$0
"Nov 18, 2022",$6.17,$8.18,$6.07,$7.42,$0
"Nov 17, 2022",$4.83,$6.20,$4.80,$6.17,$0
"Nov 16, 2022",$4.85,$4.97,$4.82,$4.83,$0
"Nov 15, 2022",$4.85,$4.85,$4.85,$4.85,$0
"Nov 14, 2022",$4.85,$4.85,$4.85,$4.85,$0
"Nov 13, 2022",$4.85,$4.85,$4.85,$4.85,"$178,389"
"Nov 12, 2022",$4.86,$4.88,$4.83,$4.85,"$178,376"
"Nov 11, 2022",$4.83,$4.88,$4.76,$4.86,"$181,124"
"Nov 10, 2022",$4.87,$4.96,$4.56,$4.83,"$154,142"
"Nov 09, 2022",$5.14,$5.16,$4.86,$4.87,"$154,069"
"Nov 08, 2022",$5.16,$5.28,$5.08,$5.14,"$140,362"
"Nov 07, 2022",$5.23,$5.25,$5.16,$5.16,"$144,882"
"Nov 06, 2022",$5.03,$5.45,$5.03,$5.23,"$159,611"
"Nov 05, 2022",$5.11,$5.20,$4.76,$5.03,"$146,152"
"Nov 04, 2022",$5.34,$5.48,$5.11,$5.11,"$150,803"
"Nov 03, 2022",$4.92,$5.42,$4.91,$5.34,"$159,724"
"Nov 02, 2022",$4.14,$5.14,$3.99,$4.92,"$124,138"
"Nov 01, 2022",$4.00,$4.49,$3.93,$4.14,"$115,298"
"Oct 31, 2022",$4.05,$4.05,$3.93,$4.00,"$107,297"
"Oct 30, 2022",$3.93,$4.14,$3.93,$4.05,"$126,422"
"Oct 29, 2022",$4.20,$4.23,$3.76,$3.93,"$113,983"
"Oct 28, 2022",$4.14,$4.20,$3.87,$4.20,"$120,409"
"Oct 27, 2022",$4.13,$4.23,$4.11,$4.14,"$125,076"
"Oct 26, 2022",$4.41,$4.57,$4.10,$4.13,"$127,865"
"Oct 25, 2022",$4.61,$4.86,$4.16,$4.41,"$118,036"
"Oct 24, 2022",$4.19,$4.61,$4.16,$4.61,"$113,759"
"Oct 23, 2022",$4.12,$4.23,$4.09,$4.19,"$137,780"
"Oct 22, 2022",$4.10,$4.71,$4.09,$4.12,"$123,965"
"Oct 21, 2022",$4.05,$4.22,$4.03,$4.10,"$134,921"
"Oct 20, 2022",$4.09,$4.73,$4.03,$4.05,"$123,957"
"Oct 19, 2022",$4.16,$4.30,$3.76,$4.09,"$138,312"
"Oct 18, 2022",$4.23,$4.37,$4.14,$4.16,"$125,787"
"Oct 17, 2022",$4.86,$4.99,$4.23,$4.23,"$148,221"
"Oct 16, 2022",$5.11,$5.18,$4.78,$4.86,"$159,497"
"Oct 15, 2022",$5.41,$5.45,$5.05,$5.11,"$144,119"
"Oct 14, 2022",$4.97,$5.55,$4.83,$5.41,"$114,495"
"Oct 13, 2022",$4.81,$5.23,$4.80,$4.97,"$100,823"
"Oct 12, 2022",$5.84,$5.87,$4.80,$4.81,"$109,895"
"Oct 11, 2022",$4.80,$6.08,$4.80,$5.84,"$103,328"
"Oct 10, 2022",$5.47,$5.47,$4.80,$4.80,"$95,148"
"Oct 09, 2022",$4.94,$5.66,$4.80,$5.47,"$102,799"
"Oct 08, 2022",$6.40,$6.42,$4.28,$4.94,"$104,106"
"Oct 07, 2022",$7.05,$7.15,$6.25,$6.40,"$159,449"
"Oct 06, 2022",$7.03,$7.23,$6.98,$7.05,"$181,828"
"Oct 05, 2022",$7.88,$8.21,$6.73,$7.03,"$159,260"
"Oct 04, 2022",$7.87,$8.01,$7.87,$7.88,"$160,013"
"Oct 03, 2022",$7.61,$8.89,$7.60,$7.87,"$170,804"
"Oct 02, 2022",$8.20,$8.29,$7.60,$7.61,"$155,010"
"Oct 01, 2022",$10.00,$10.01,$7.86,$8.20,"$161,109"
"Sep 30, 2022",$9.90,$11.39,$9.85,$10.00,"$269,765"
"Sep 29, 2022",$9.95,$10.68,$9.90,$9.90,"$225,671"
"Sep 28, 2022",$10.00,$10.23,$9.78,$9.95,"$218,639"
"Sep 27, 2022",$9.60,$10.01,$9.18,$10.00,"$178,934"
"Sep 26, 2022",$8.21,$9.60,$8.17,$9.60,"$216,188"
"Sep 25, 2022",$10.26,$10.37,$8.17,$8.21,"$163,559"
"Sep 24, 2022",$9.18,$10.44,$9.09,$10.26,"$184,654"
"Sep 23, 2022",$9.37,$9.67,$9.03,$9.18,"$219,869"
"Sep 22, 2022",$9.21,$9.38,$9.16,$9.37,"$191,454"
"Sep 21, 2022",$9.15,$9.38,$9.01,$9.21,"$218,671"
"Sep 20, 2022",$8.33,$9.25,$8.27,$9.15,"$174,598"
"Sep 19, 2022",$8.46,$8.73,$8.17,$8.33,"$162,979"
"Sep 18, 2022",$9.05,$10.02,$8.27,$8.46,"$168,596"
"Sep 17, 2022",$9.61,$10.15,$8.66,$9.05,"$159,256"
"Sep 16, 2022",$9.76,$10.06,$9.37,$9.61,"$184,228"
"Sep 15, 2022",$10.18,$10.19,$8.28,$9.76,"$147,191"
"Sep 14, 2022",$10.18,$10.22,$9.87,$10.18,"$127,777"
"Sep 13, 2022",$8.17,$10.60,$8.17,$10.09,"$201,290"
"Sep 12, 2022",$7.52,$8.63,$7.52,$8.17,"$208,138"
"Sep 11, 2022",$7.50,$7.60,$7.47,$7.52,"$144,665"
"Sep 10, 2022",$8.84,$8.95,$7.44,$7.50,"$150,087"
"Sep 09, 2022",$9.35,$9.41,$8.76,$8.84,"$150,311"
"Sep 08, 2022",$9.49,$9.55,$9.11,$9.35,"$133,122"
"Sep 07, 2022",$10.90,$10.90,$9.46,$9.49,"$115,132"
"Sep 06, 2022",$10.96,$11.12,$10.31,$10.90,"$281,100"
"Sep 05, 2022",$11.00,$11.18,$10.82,$10.96,"$307,090"
"Sep 04, 2022",$11.01,$11.18,$10.79,$11.00,$0
"Sep 03, 2022",$12.07,$12.10,$10.85,$11.01,$0
"Sep 02, 2022",$12.08,$12.14,$11.39,$12.07,$0
"Sep 01, 2022",$11.86,$12.17,$11.20,$12.08,$0
"Aug 31, 2022",$11.34,$11.94,$11.11,$11.86,$0
"Aug 30, 2022",$11.66,$11.92,$11.12,$11.34,$0
"Aug 29, 2022",$11.59,$11.87,$11.11,$11.66,$0
"Aug 28, 2022",$11.74,$11.97,$11.18,$11.58,$0
"Aug 27, 2022",$11.70,$11.94,$11.15,$11.75,$0
"Aug 26, 2022",$11.85,$11.95,$11.54,$11.70,$0
"Aug 25, 2022",$11.84,$11.96,$11.39,$11.85,$0
"Aug 24, 2022",$11.35,$11.95,$11.15,$11.84,$0
"Aug 23, 2022",$11.25,$11.88,$11.13,$11.35,$0
"Aug 22, 2022",$11.13,$11.86,$11.13,$11.25,$0
"Aug 21, 2022",$11.47,$11.86,$11.10,$11.13,$0
"Aug 20, 2022",$12.61,$12.73,$10.99,$11.47,$0
"Aug 19, 2022",$12.92,$12.97,$11.98,$12.61,$0
"Aug 18, 2022",$12.55,$13.43,$12.55,$12.92,$0
"Aug 17, 2022",$12.69,$12.80,$12.52,$12.55,$0
"Aug 16, 2022",$12.59,$12.73,$12.54,$12.69,$0
"Aug 15, 2022",$12.64,$12.74,$12.53,$12.59,$0
"Aug 14, 2022",$12.73,$12.89,$12.60,$12.64,$0
"Aug 13, 2022",$13.86,$14.11,$12.72,$12.73,$0
"Aug 12, 2022",$13.85,$14.02,$13.08,$13.86,$0
"Aug 11, 2022",$14.29,$14.29,$13.20,$13.85,$0
"Aug 10, 2022",$16.37,$16.41,$13.63,$14.29,$0
"Aug 09, 2022",$14.14,$16.45,$13.67,$16.37,$0
"Aug 08, 2022",$12.59,$14.57,$12.58,$14.14,"$92,082"
"Aug 07, 2022",$13.91,$14.02,$12.20,$12.59,"$130,347"
"Aug 06, 2022",$13.17,$14.56,$13.02,$13.91,"$100,901"
"Aug 05, 2022",$12.66,$13.41,$12.66,$13.17,"$72,928"
"Aug 04, 2022",$11.95,$13.52,$11.81,$12.66,"$217,693"
"Aug 03, 2022",$11.70,$13.00,$11.67,$11.95,"$134,565"
"Aug 02, 2022",$11.93,$12.20,$11.64,$11.70,"$205,939"
"Aug 01, 2022",$11.97,$12.11,$11.75,$11.93,"$68,464"
"Jul 31, 2022",$11.97,$12.12,$11.40,$11.97,"$91,972"
"Jul 30, 2022",$12.28,$12.58,$11.75,$11.97,"$133,377"
"Jul 29, 2022",$12.23,$12.58,$11.82,$12.28,"$92,807"
"Jul 28, 2022",$13.78,$13.78,$11.61,$12.23,"$251,645"
"Jul 27, 2022",$10.68,$13.81,$10.67,$13.78,"$347,882"
"Jul 26, 2022",$9.40,$11.09,$9.29,$10.68,"$227,690"
"Jul 25, 2022",$9.31,$9.58,$8.35,$9.40,"$258,683"
"Jul 24, 2022",$10.77,$10.87,$8.97,$9.31,"$504,544"
"Jul 23, 2022",$11.95,$11.97,$10.59,$10.77,"$281,481"
"Jul 22, 2022",$12.29,$12.30,$11.45,$11.95,"$200,225"
"Jul 21, 2022",$11.56,$12.30,$11.47,$12.29,"$243,935"
"Jul 20, 2022",$11.78,$11.99,$11.14,$11.56,"$191,905"
"Jul 19, 2022",$12.30,$12.36,$10.59,$11.78,"$274,863"
"Jul 18, 2022",$13.29,$13.43,$11.81,$12.30,"$212,991"
"Jul 17, 2022",$13.29,$13.49,$13.12,$13.29,"$99,042"
"Jul 16, 2022",$13.32,$13.70,$12.81,$13.29,"$175,321"
"Jul 15, 2022",$13.53,$14.08,$12.71,$13.32,"$212,995"
"Jul 14, 2022",$13.79,$14.29,$12.61,$13.54,"$319,887"
"Jul 13, 2022",$12.30,$13.82,$12.27,$13.79,"$254,747"
"Jul 12, 2022",$12.40,$12.61,$12.11,$12.30,"$124,248"
"Jul 11, 2022",$12.14,$13.00,$12.14,$12.40,"$148,769"
"Jul 10, 2022",$11.27,$12.27,$11.27,$12.14,"$139,044"
"Jul 09, 2022",$10.89,$11.46,$10.55,$11.27,"$141,818"
"Jul 08, 2022",$11.89,$12.32,$10.57,$10.89,"$285,636"
"Jul 07, 2022",$12.49,$12.76,$11.41,$11.89,"$185,089"
"Jul 06, 2022",$13.81,$13.86,$11.61,$12.49,"$261,840"
"Jul 05, 2022",$11.50,$14.80,$11.50,$13.81,"$258,081"
"Jul 04, 2022",$12.09,$12.62,$10.39,$11.50,"$685,439"
"Jul 03, 2022",$13.97,$15.25,$10.09,$12.09,"$704,630"
"Jul 02, 2022",$14.70,$14.83,$13.10,$13.97,"$325,701"
"Jul 01, 2022",$13.89,$16.27,$13.51,$14.70,"$433,872"
"Jun 30, 2022",$14.09,$14.53,$13.13,$13.89,"$413,484"
"Jun 29, 2022",$15.40,$15.93,$13.99,$14.09,"$332,900"
"Jun 28, 2022",$14.88,$16.44,$14.66,$15.40,"$384,582"
"Jun 27, 2022",$17.49,$17.92,$14.74,$14.88,"$497,294"
"Jun 26, 2022",$17.50,$18.47,$17.37,$17.49,"$452,468"
"Jun 25, 2022",$17.50,$17.83,$17.33,$17.50,"$182,607"
"Jun 24, 2022",$17.79,$18.98,$16.99,$17.50,"$365,647"
"Jun 23, 2022",$15.70,$17.92,$15.49,$17.79,"$477,391"
"Jun 22, 2022",$16.78,$17.17,$15.44,$15.70,"$302,252"
"Jun 21, 2022",$15.74,$17.38,$15.60,$16.78,"$262,050"
"Jun 20, 2022",$17.19,$18.67,$14.53,$15.74,"$744,119"
"Jun 19, 2022",$11.69,$17.99,$8.69,$17.19,"$1,160,543"
"Jun 18, 2022",$17.39,$17.48,$7.89,$11.69,"$1,224,750"
"Jun 17, 2022",$18.80,$19.01,$17.07,$17.39,"$384,618"
"Jun 16, 2022",$19.31,$19.55,$18.48,$18.80,"$295,092"
"Jun 15, 2022",$19.57,$20.44,$18.55,$19.31,"$629,339"
"Jun 14, 2022",$19.51,$20.44,$18.20,$19.57,"$544,595"
"Jun 13, 2022",$22.61,$22.61,$18.07,$19.51,"$1,135,659"
"Jun 12, 2022",$23.11,$23.13,$21.24,$22.61,"$497,507"
"Jun 11, 2022",$23.99,$24.02,$22.15,$23.11,"$551,976"
"Jun 10, 2022",$24.67,$24.76,$23.82,$23.99,"$335,741"
"Jun 09, 2022",$24.95,$24.95,$23.31,$24.67,"$469,800"
"Jun 08, 2022",$25.56,$26.27,$24.07,$24.95,"$556,304"
"Jun 07, 2022",$26.94,$26.98,$25.47,$25.56,"$615,173"
"Jun 06, 2022",$27.00,$27.17,$26.77,$26.95,"$402,428"
"Jun 05, 2022",$27.07,$27.35,$26.95,$27.00,"$401,460"
"Jun 04, 2022",$27.08,$27.16,$26.86,$27.07,"$269,592"
"Jun 03, 2022",$27.04,$27.47,$26.96,$27.08,"$331,212"
"Jun 02, 2022",$27.22,$27.26,$26.80,$27.04,"$308,551"
"Jun 01, 2022",$27.20,$27.68,$26.84,$27.22,"$416,544"
"May 31, 2022",$27.22,$27.44,$26.57,$27.20,"$350,309"
"May 30, 2022",$27.16,$27.66,$26.09,$27.22,"$464,843"
"May 29, 2022",$28.15,$28.18,$25.52,$27.16,"$455,457"
"May 28, 2022",$28.50,$28.77,$27.57,$28.15,"$538,062"
"May 27, 2022",$28.18,$28.59,$27.47,$28.45,"$433,990"
"May 26, 2022",$27.61,$29.97,$27.48,$28.18,"$713,641"
"May 25, 2022",$27.28,$27.77,$27.07,$27.61,"$316,258"
"May 24, 2022",$26.78,$27.66,$26.58,$27.28,"$395,664"
"May 23, 2022",$26.77,$27.71,$26.18,$26.78,"$276,712"
"May 22, 2022",$27.06,$27.73,$25.97,$26.77,"$291,893"
"May 21, 2022",$26.28,$27.37,$25.70,$27.06,"$218,421"
"May 20, 2022",$28.27,$28.43,$25.68,$26.28,$0
"May 19, 2022",$26.95,$28.51,$24.97,$28.27,$0
"May 18, 2022",$29.47,$31.98,$23.53,$26.95,$0
"May 17, 2022",$23.79,$29.49,$23.78,$29.47,$0
"May 16, 2022",$24.10,$24.70,$23.00,$23.79,$0
"May 15, 2022",$32.44,$32.70,$21.80,$24.10,$0
"May 14, 2022",$32.06,$33.82,$31.86,$32.44,$0
"May 13, 2022",$33.36,$33.67,$31.35,$32.06,$0
"May 12, 2022",$33.12,$33.58,$31.94,$33.36,$0
"May 11, 2022",$34.16,$35.02,$33.05,$33.12,$0
"May 10, 2022",$32.77,$34.98,$31.09,$34.16,"$1,080,028"
"May 09, 2022",$36.03,$36.13,$32.77,$32.77,"$1,134,795"
"May 08, 2022",$36.54,$36.69,$35.89,$36.02,"$519,839"
"May 07, 2022",$36.25,$36.86,$35.95,$36.54,"$566,253"
"May 06, 2022",$36.38,$36.77,$35.84,$36.25,"$539,493"
"May 05, 2022",$37.26,$37.97,$36.12,$36.38,"$510,193"
"May 04, 2022",$38.17,$38.57,$35.61,$37.26,"$441,416"
"May 03, 2022",$36.76,$39.72,$36.76,$38.17,"$427,145"
"May 02, 2022",$37.67,$38.49,$34.35,$36.76,"$1,017,942"
"May 01, 2022",$40.10,$40.11,$36.65,$37.67,"$727,045"
"Apr 30, 2022",$39.91,$40.98,$39.21,$40.10,"$497,572"
"Apr 29, 2022",$41.52,$42.14,$39.01,$39.91,"$778,617"
"Apr 28, 2022",$42.77,$42.79,$40.51,$41.52,"$727,606"
"Apr 27, 2022",$41.55,$43.95,$41.54,$42.77,"$823,130"
"Apr 26, 2022",$40.53,$41.66,$40.15,$41.55,"$788,960"
"Apr 25, 2022",$38.10,$41.87,$37.45,$40.53,"$1,492,890"
"Apr 24, 2022",$36.42,$38.10,$35.96,$38.10,"$888,141"
"Apr 23, 2022",$33.31,$38.54,$33.31,$36.42,"$1,061,408"
"Apr 22, 2022",$35.24,$35.43,$32.52,$33.31,"$1,454,842"
"Apr 21, 2022",$37.60,$37.79,$34.99,$35.24,"$938,478"
"Apr 20, 2022",$39.00,$40.27,$36.27,$37.60,"$1,374,347"
"Apr 19, 2022",$34.44,$41.48,$28.76,$39.00,"$2,711,698"
"Apr 18, 2022",$43.16,$43.30,$32.40,$34.44,"$2,772,660"
"Apr 17, 2022",$42.32,$44.38,$42.07,$43.16,"$807,431"
"Apr 16, 2022",$46.40,$46.75,$41.08,$42.32,"$1,764,496"
"Apr 15, 2022",$46.60,$47.11,$46.09,$46.40,"$1,007,294"
"Apr 14, 2022",$46.92,$47.94,$46.44,$46.60,"$1,147,712"
"Apr 13, 2022",$47.28,$47.44,$45.59,$46.92,"$1,597,735"
"Apr 12, 2022",$46.12,$49.02,$45.53,$47.27,"$3,411,823"
"Apr 11, 2022",$42.50,$49.08,$42.20,$46.12,"$5,197,831"
"Apr 10, 2022",$39.92,$42.77,$39.92,$42.50,"$2,635,804"
"Apr 09, 2022",$37.96,$39.92,$37.96,$39.92,"$2,570,484"
"Apr 08, 2022",$35.32,$39.97,$35.32,$37.96,"$3,386,049"
"Apr 07, 2022",$28.16,$36.59,$28.16,$35.32,"$4,061,908"
"Apr 06, 2022",$27.83,$28.44,$27.60,$28.16,"$1,258,922"
"Apr 05, 2022",$26.82,$28.02,$26.82,$27.83,"$1,137,837"
"Apr 04, 2022",$27.71,$28.28,$26.23,$26.82,"$1,216,950"
"Apr 03, 2022",$28.48,$28.65,$23.73,$27.71,"$2,277,064"
"Apr 02, 2022",$23.97,$29.28,$23.94,$28.48,"$3,199,247"
"Apr 01, 2022",$18.87,$23.97,$18.87,$23.97,"$3,038,925"
"Mar 31, 2022",$15.20,$18.87,$15.15,$18.87,"$2,148,234"
"Mar 30, 2022",$14.93,$15.34,$14.75,$15.20,"$1,051,750"
"Mar 29, 2022",$14.75,$15.04,$14.67,$14.93,"$339,411"
"Mar 28, 2022",$14.34,$15.02,$14.12,$14.75,"$357,381"
"Mar 27, 2022",$13.78,$15.26,$13.71,$14.34,"$309,556"
"Mar 26, 2022",$12.77,$13.86,$12.57,$13.78,"$142,067"
"Mar 25, 2022",$12.63,$12.79,$12.44,$12.77,"$88,816"
"Mar 24, 2022",$12.68,$12.81,$12.48,$12.63,"$288,398"
"Mar 23, 2022",$12.84,$12.84,$12.54,$12.68,"$276,048"
"Mar 22, 2022",$12.71,$12.95,$12.42,$12.84,"$309,677"
"Mar 21, 2022",$12.90,$12.92,$12.67,$12.71,"$288,973"
"Mar 20, 2022",$12.89,$13.05,$12.74,$12.90,"$292,112"
"Mar 19, 2022",$12.80,$13.05,$12.62,$12.89,"$284,323"
"Mar 18, 2022",$12.81,$12.92,$12.50,$12.80,"$303,285"
"Mar 17, 2022",$13.07,$13.17,$12.52,$12.81,"$211,828"
"Mar 16, 2022",$12.89,$13.14,$12.82,$13.07,"$29,680"
"Mar 15, 2022",$13.21,$13.24,$12.79,$12.89,"$44,219"
"Mar 14, 2022",$13.12,$13.21,$12.84,$13.21,"$99,398"
"Mar 13, 2022",$13.22,$13.35,$12.91,$13.12,"$121,220"
"Mar 12, 2022",$13.50,$13.73,$13.05,$13.22,"$142,180"
"Mar 11, 2022",$12.45,$13.84,$12.28,$13.50,"$213,822"
"Mar 10, 2022",$12.20,$12.58,$12.11,$12.45,"$119,560"
"Mar 09, 2022",$12.07,$12.39,$12.07,$12.20,"$120,069"
"Mar 08, 2022",$11.71,$12.31,$11.67,$12.07,"$141,733"
"Mar 07, 2022",$12.03,$12.11,$11.71,$11.71,"$116,786"
"Mar 06, 2022",$12.18,$12.20,$11.91,$12.03,"$120,220"
"Mar 05, 2022",$12.15,$12.23,$11.73,$12.18,"$215,182"
"Mar 04, 2022",$12.51,$12.52,$11.94,$12.15,"$434,781"
"Mar 03, 2022",$12.30,$12.65,$11.90,$12.51,"$475,782"
"Mar 02, 2022",$12.50,$12.68,$11.53,$12.30,"$499,762"
"Mar 01, 2022",$12.58,$12.83,$12.35,$12.50,"$499,560"
"Feb 28, 2022",$12.06,$13.18,$11.99,$12.58,"$661,748"
"Feb 27, 2022",$10.93,$12.23,$10.40,$12.06,"$209,372"
"Feb 26, 2022",$10.31,$11.05,$10.31,$10.93,"$415,753"
"Feb 25, 2022",$9.34,$11.79,$9.18,$10.31,"$555,086"
"Feb 24, 2022",$8.00,$9.35,$7.88,$9.34,"$437,400"
"Feb 23, 2022",$7.50,$8.15,$7.44,$8.00,$0
"Feb 22, 2022",$7.39,$7.51,$7.30,$7.50,$0
"Feb 21, 2022",$7.32,$7.46,$7.32,$7.39,$0
"Feb 20, 2022",$7.47,$7.49,$7.30,$7.32,$0
"Feb 19, 2022",$7.60,$7.61,$7.37,$7.47,$0
"Feb 18, 2022",$7.58,$7.71,$7.45,$7.60,$0
"Feb 17, 2022",$7.75,$7.80,$7.50,$7.58,$0
"Feb 16, 2022",$7.57,$7.76,$7.47,$7.75,$0
"Feb 15, 2022",$7.58,$7.75,$7.41,$7.57,$0
"Feb 14, 2022",$7.70,$7.76,$7.42,$7.58,$0
"Feb 13, 2022",$7.30,$7.77,$7.22,$7.70,$0
"Feb 12, 2022",$7.24,$7.43,$7.18,$7.30,$0
"Feb 11, 2022",$7.36,$7.48,$7.00,$7.24,$0
"Feb 10, 2022",$7.61,$7.62,$7.32,$7.36,$0
"Feb 09, 2022",$7.54,$7.73,$7.41,$7.61,$0
"Feb 08, 2022",$7.70,$7.77,$7.45,$7.54,$0
"Feb 07, 2022",$8.06,$8.06,$7.65,$7.70,$0
"Feb 06, 2022",$7.92,$8.08,$7.86,$8.06,$0
"Feb 05, 2022",$7.94,$7.97,$7.79,$7.92,$0
"Feb 04, 2022",$7.75,$7.99,$7.73,$7.94,$0
"Feb 03, 2022",$7.98,$8.05,$7.60,$7.75,$0
"Feb 02, 2022",$7.08,$8.03,$7.02,$7.98,$0
"Feb 01, 2022",$6.77,$7.08,$6.75,$7.08,$0
"Jan 31, 2022",$6.53,$6.77,$6.45,$6.77,$0
"Jan 30, 2022",$6.52,$6.61,$6.42,$6.53,$0
"Jan 29, 2022",$6.54,$6.63,$6.46,$6.52,$0
"Jan 28, 2022",$6.56,$6.63,$6.42,$6.54,$0
"Jan 27, 2022",$6.74,$6.78,$6.45,$6.56,$0
"Jan 26, 2022",$6.87,$7.08,$6.68,$6.74,$0
"Jan 25, 2022",$7.60,$7.60,$6.82,$6.87,$0
"Jan 24, 2022",$7.86,$7.91,$7.44,$7.60,$0
"Jan 23, 2022",$7.90,$7.92,$7.82,$7.86,$0
"Jan 22, 2022",$7.91,$7.99,$6.69,$7.90,$0
"Jan 21, 2022",$7.88,$8.00,$7.82,$7.91,$0
"Jan 20, 2022",$7.90,$8.01,$7.82,$7.88,$0
"Jan 19, 2022",$7.96,$8.01,$7.83,$7.90,$0
"Jan 18, 2022",$7.91,$8.01,$7.84,$7.96,$0
"Jan 17, 2022",$7.94,$7.99,$7.82,$7.91,$0
"Jan 16, 2022",$7.94,$8.00,$7.82,$7.94,$0
"Jan 15, 2022",$8.15,$8.24,$7.82,$7.94,$0
"Jan 14, 2022",$6.81,$9.00,$6.61,$8.15,$0
"Jan 13, 2022",$7.64,$7.66,$5.78,$6.81,$0
"Jan 12, 2022",$7.66,$7.79,$7.61,$7.64,$0
"Jan 11, 2022",$8.26,$8.29,$7.66,$7.66,$0
"Jan 10, 2022",$7.88,$8.29,$7.81,$8.26,$0
"Jan 09, 2022",$7.88,$8.06,$7.82,$7.88,$0
"Jan 08, 2022",$8.20,$8.30,$7.81,$7.88,$0
"Jan 07, 2022",$8.13,$8.29,$7.83,$8.20,$0
"Jan 06, 2022",$8.18,$8.21,$7.91,$8.13,$0
"Jan 05, 2022",$8.16,$8.30,$7.91,$8.18,$0
"Jan 04, 2022",$8.10,$8.30,$8.10,$8.16,$0
"Jan 03, 2022",$8.17,$8.24,$8.04,$8.10,$0
"Jan 02, 2022",$8.16,$8.20,$7.92,$8.17,$0
"Jan 01, 2022",$8.28,$8.31,$8.09,$8.16,$0
"Dec 31, 2021",$8.01,$8.30,$7.95,$8.28,$0
"Dec 30, 2021",$8.03,$8.20,$7.93,$8.01,$0
"Dec 29, 2021",$8.69,$8.75,$8.01,$8.03,$0
"Dec 28, 2021",$7.70,$9.54,$7.61,$8.69,$0
"Dec 27, 2021",$8.14,$8.21,$7.69,$7.69,$0
"Dec 26, 2021",$8.25,$8.27,$8.01,$8.14,$0
"Dec 25, 2021",$8.08,$8.31,$8.01,$8.25,$0
"Dec 24, 2021",$7.72,$8.63,$7.69,$8.08,$0
"Dec 23, 2021",$7.64,$8.80,$7.63,$7.72,$0
"Dec 22, 2021",$8.60,$8.64,$7.60,$7.64,$0
"Dec 21, 2021",$8.47,$8.66,$7.89,$8.60,$0
"Dec 20, 2021",$8.01,$8.49,$7.85,$8.47,$0
"Dec 19, 2021",$8.02,$8.23,$7.91,$8.01,$0
"Dec 18, 2021",$8.13,$8.84,$7.86,$8.02,$0
"Dec 17, 2021",$8.30,$8.32,$7.81,$8.12,$0
"Dec 16, 2021",$8.88,$8.95,$8.30,$8.30,$0
"Dec 15, 2021",$9.11,$9.32,$8.21,$8.88,$0
"Dec 14, 2021",$9.41,$9.43,$7.81,$8.56,$1
"Dec 13, 2021",$9.42,$9.43,$7.60,$9.41,$0
"Dec 12, 2021",$9.01,$9.43,$7.60,$9.42,$0
"Dec 11, 2021",$9.32,$9.93,$8.99,$9.01,$0
"Dec 10, 2021",$9.31,$9.32,$7.21,$9.32,$0
"Dec 09, 2021",$9.09,$9.32,$9.09,$9.30,$0
"Dec 08, 2021",$6.61,$9.12,$6.59,$9.10,$0
"Dec 07, 2021",$7.91,$9.12,$6.60,$6.61,$0
"Dec 06, 2021",$8.01,$8.92,$7.89,$7.91,$0
"Dec 05, 2021",$6.23,$8.52,$6.23,$8.00,$0
"Dec 04, 2021",$8.00,$8.02,$6.20,$6.23,$0
"Dec 03, 2021",$8.20,$9.02,$7.99,$8.01,$0
"Dec 02, 2021",$6.20,$8.22,$6.20,$8.19,$0
"Dec 01, 2021",$6.20,$6.21,$6.19,$6.20,$0
"Nov 30, 2021",$6.20,$6.61,$6.19,$6.20,$0
"Nov 29, 2021",$8.29,$8.31,$6.19,$6.21,$0
"Nov 28, 2021",$5.04,$8.31,$5.03,$8.29,$0
"Nov 27, 2021",$4.51,$8.31,$4.50,$5.04,$0
"Nov 26, 2021",$6.50,$6.51,$4.51,$4.51,$0
"Nov 25, 2021",$6.72,$6.74,$6.49,$6.72,$1
"Nov 24, 2021",$6.72,$7.01,$6.71,$7.00,$1
"Nov 23, 2021",$6.70,$7.31,$6.70,$6.72,$0
"Nov 22, 2021",$6.31,$7.41,$6.30,$6.70,$0
"Nov 21, 2021",$6.75,$7.41,$6.29,$6.31,$0
"Nov 20, 2021",$7.51,$7.51,$6.74,$6.75,$0
"Nov 19, 2021",$6.75,$7.51,$6.74,$7.51,$0
"Nov 18, 2021",$8.03,$8.05,$6.59,$6.75,$0
"Nov 17, 2021",$7.92,$8.12,$7.35,$8.03,$0
"Nov 16, 2021",$9.01,$9.23,$6.80,$7.92,$0
"Nov 15, 2021",$9.16,$9.33,$8.86,$9.00,$0
"Nov 14, 2021",$9.47,$9.50,$9.14,$9.16,$0
"Nov 13, 2021",$9.62,$9.79,$9.14,$9.47,$0
"Nov 12, 2021",$9.77,$9.93,$9.29,$9.61,$0
"Nov 11, 2021",$8.62,$9.88,$8.43,$9.78,$0
"Nov 10, 2021",$9.08,$9.08,$8.10,$8.62,$0
"Nov 09, 2021",$9.05,$9.62,$8.21,$9.08,$0
"Nov 08, 2021",$7.16,$9.60,$7.16,$9.05,$0
"Nov 07, 2021",$6.17,$7.50,$5.95,$7.16,$0
"Nov 06, 2021",$6.08,$6.43,$5.31,$6.17,$0
"Nov 05, 2021",$4.66,$6.08,$4.55,$6.08,$0
"Nov 04, 2021",$4.17,$4.80,$4.13,$4.66,$0
"Nov 03, 2021",$4.31,$4.50,$4.15,$4.17,$0
"Nov 02, 2021",$4.01,$4.49,$3.97,$4.31,$0
"Nov 01, 2021",$4.19,$4.27,$3.81,$4.01,$0
"Oct 31, 2021",$3.60,$4.20,$3.60,$4.19,$0
"Oct 30, 2021",$2.92,$3.73,$2.91,$3.60,$0
"Oct 29, 2021",$2.87,$3.00,$2.82,$2.92,$0
"Oct 28, 2021",$2.69,$2.90,$2.67,$2.87,$0
"Oct 27, 2021",$2.72,$2.80,$2.67,$2.69,$0
"Oct 26, 2021",$2.67,$2.88,$2.58,$2.72,$0
"Oct 25, 2021",$2.71,$2.81,$2.50,$2.67,$0
"Oct 24, 2021",$2.48,$2.89,$2.46,$2.71,$0
"Oct 23, 2021",$2.36,$2.57,$2.21,$2.48,$0
"Oct 22, 2021",$2.30,$2.38,$2.01,$2.36,$0
"Oct 21, 2021",$2.48,$2.48,$2.29,$2.30,$0
"Oct 20, 2021",$2.40,$2.69,$2.14,$2.48,$0
"Oct 19, 2021",$1.96,$2.40,$1.95,$2.40,$0
"Oct 18, 2021",$1.89,$1.99,$1.85,$1.96,$0
"Oct 17, 2021",$1.87,$1.97,$1.86,$1.89,$0
"Oct 16, 2021",$1.87,$1.90,$1.81,$1.87,$0
"Oct 15, 2021",$1.93,$1.99,$1.87,$1.87,$0
"Oct 14, 2021",$2.04,$2.04,$1.82,$1.93,$0
"Oct 13, 2021",$1.97,$2.07,$1.93,$2.04,$0
"Oct 12, 2021",$1.96,$1.98,$1.93,$1.97,$0
"Oct 11, 2021",$2.01,$2.03,$1.89,$1.96,$0
"Oct 10, 2021",$2.01,$2.09,$2.00,$2.01,$0
"Oct 09, 2021",$2.02,$2.19,$1.99,$2.01,$0
"Oct 08, 2021",$2.02,$2.04,$1.96,$2.02,$0
"Oct 07, 2021",$2.12,$2.13,$1.99,$2.02,$0
"Oct 06, 2021",$2.10,$2.13,$2.00,$2.13,$0
"Oct 05, 2021",$2.19,$2.21,$1.93,$2.10,$0
"Oct 04, 2021",$2.12,$2.21,$2.12,$2.19,$0
"Oct 03, 2021",$2.10,$2.13,$1.97,$2.12,$0
"Oct 02, 2021",$2.02,$2.16,$1.95,$2.10,$0
"Oct 01, 2021",$2.00,$2.07,$1.96,$2.02,$0
"Sep 30, 2021",$2.10,$2.15,$2.00,$2.00,$0
"Sep 29, 2021",$2.02,$2.13,$1.94,$2.10,$0
"Sep 28, 2021",$2.02,$2.12,$1.97,$2.02,$0
"Sep 27, 2021",$1.96,$2.19,$1.93,$2.02,$0
"Sep 26, 2021",$2.16,$2.22,$1.39,$1.96,$0
"Sep 25, 2021",$2.24,$2.40,$2.10,$2.16,$0
"Sep 24, 2021",$2.23,$2.43,$2.23,$2.24,$0
"Sep 23, 2021",$2.25,$2.35,$2.11,$2.23,$0
"Sep 22, 2021",$2.24,$2.35,$1.97,$2.25,$0
"Sep 21, 2021",$2.17,$2.26,$2.11,$2.24,$0
"Sep 20, 2021",$2.52,$2.55,$2.11,$2.17,$0
"Sep 19, 2021",$2.44,$2.65,$2.43,$2.52,$0
"Sep 18, 2021",$2.29,$2.50,$2.22,$2.44,$0
"Sep 17, 2021",$1.96,$2.39,$1.95,$2.29,$0
"Sep 16, 2021",$1.88,$1.98,$1.86,$1.96,$0
"Sep 15, 2021",$1.88,$1.90,$1.84,$1.88,$0
"Sep 14, 2021",$1.89,$1.90,$1.86,$1.88,$0
"Sep 13, 2021",$1.87,$1.91,$1.86,$1.89,$0
"Sep 12, 2021",$1.88,$1.90,$1.85,$1.87,$0
"Sep 11, 2021",$1.86,$1.90,$1.85,$1.88,$0
"Sep 10, 2021",$1.98,$1.98,$1.85,$1.86,$0
"Sep 09, 2021",$1.88,$1.99,$1.88,$1.98,$0
"Sep 08, 2021",$1.90,$2.00,$1.87,$1.89,$0
"Sep 07, 2021",$1.97,$1.98,$1.87,$1.90,$0
"Sep 06, 2021",$1.91,$1.99,$1.86,$1.97,$0
"Sep 05, 2021",$1.89,$2.00,$1.85,$1.91,$0
"Sep 04, 2021",$1.96,$1.96,$1.85,$1.89,$0
"Sep 03, 2021",$1.95,$2.00,$1.92,$1.96,$0
"Sep 02, 2021",$2.04,$2.09,$1.82,$1.95,$0
"Sep 01, 2021",$2.07,$2.12,$2.03,$2.04,$0
"Aug 31, 2021",$2.15,$2.15,$2.07,$2.07,$0
"Aug 30, 2021",$2.13,$2.15,$2.06,$2.14,$0
"Aug 29, 2021",$2.10,$2.16,$2.08,$2.13,$0
"Aug 28, 2021",$2.09,$2.19,$2.06,$2.10,$0
"Aug 27, 2021",$2.19,$2.20,$1.99,$2.09,$0
"Aug 26, 2021",$2.23,$2.31,$2.16,$2.19,$0
"Aug 25, 2021",$2.34,$2.35,$2.13,$2.23,$0
"Aug 24, 2021",$2.33,$2.39,$2.18,$2.34,$0
"Aug 23, 2021",$2.31,$2.43,$2.23,$2.33,$0
"Aug 22, 2021",$2.32,$2.45,$2.20,$2.31,$0
"Aug 21, 2021",$2.52,$2.55,$2.22,$2.32,$0
"Aug 20, 2021",$2.34,$2.68,$2.22,$2.52,$0
"Aug 19, 2021",$1.96,$2.50,$1.95,$2.34,$0
"Aug 18, 2021",$2.33,$2.38,$1.91,$1.96,$0
"Aug 17, 2021",$2.55,$2.56,$2.32,$2.33,$0
"Aug 16, 2021",$2.65,$2.69,$2.55,$2.55,$0
"Aug 15, 2021",$2.60,$2.79,$2.60,$2.65,$0
"Aug 14, 2021",$2.68,$2.85,$2.60,$2.60,$0
"Aug 13, 2021",$2.81,$2.90,$2.56,$2.68,$0
"Aug 12, 2021",$2.94,$2.99,$2.78,$2.81,$0
"Aug 11, 2021",$3.05,$3.08,$2.91,$2.94,$0
"Aug 10, 2021",$2.84,$3.06,$2.83,$3.05,$0
"Aug 09, 2021",$2.42,$2.87,$2.42,$2.84,$0
"Aug 08, 2021",$2.15,$2.50,$2.12,$2.42,$0
"Aug 07, 2021",$1.92,$2.19,$1.92,$2.15,$0
"Aug 06, 2021",$1.89,$1.99,$1.82,$1.92,$0
"Aug 05, 2021",$1.84,$2.04,$1.84,$1.89,$0
"Aug 04, 2021",$1.94,$1.94,$1.82,$1.84,$0
"Aug 03, 2021",$1.88,$1.96,$1.84,$1.94,$0
"Aug 02, 2021",$1.80,$1.94,$1.74,$1.88,$0
"Aug 01, 2021",$1.80,$1.80,$1.50,$1.80,$0
"Jul 31, 2021",$1.80,$1.90,$1.50,$1.80,$0
"Jul 30, 2021",$1.50,$1.80,$1.50,$1.80,$0
"Jul 29, 2021",$1.50,$1.50,$1.50,$1.50,$0
"Jul 28, 2021",$1.01,$1.50,$1.01,$1.50,$0
"Jul 27, 2021",$1.01,$1.01,$1.01,$1.01,$0
"Jul 26, 2021",$1.30,$1.30,$1.01,$1.01,$0
"Jul 25, 2021",$1.00,$1.30,$1.00,$1.30,$0
"Jul 24, 2021",$1.35,$1.35,$1.00,$1.00,$0
"Jul 23, 2021",$1.35,$1.35,$1.35,$1.35,$0
"Jul 22, 2021",$1.42,$1.42,$1.35,$1.35,$0
"Jul 21, 2021",$1.20,$1.42,$0.7102,$1.42,$0
"Jul 20, 2021",$0.9001,$1.20,$0.6011,$1.20,$0
"Jul 19, 2021",$0.8004,$0.9004,$0.5509,$0.9001,$0
"Jul 18, 2021",$0.5604,$0.8005,$0.5599,$0.8004,$0
"Jul 17, 2021",$0.5508,$0.7995,$0.5506,$0.5604,$0
"Jul 16, 2021",$0.7994,$0.7995,$0.5506,$0.5508,$0
"Jul 15, 2021",$0.7995,$0.7997,$0.7992,$0.7993,$0
"Jul 14, 2021",$0.6999,$0.7998,$0.6999,$0.7995,$0
"Jul 13, 2021",$0.7002,$0.8006,$0.6999,$0.7,$0
"Jul 12, 2021",$0.7002,$0.7006,$0.6999,$0.7002,$0
"Jul 11, 2021",$0.71,$0.8009,$0.7001,$0.7002,$0
"Jul 10, 2021",$0.5998,$0.7104,$0.5997,$0.7101,$0
"Jul 09, 2021",$0.6943,$0.6945,$0.5997,$0.5998,$0
"Jul 08, 2021",$0.6949,$0.6954,$0.6942,$0.6943,$0
"Jul 07, 2021",$0.6945,$0.6949,$0.6942,$0.6948,$0
"Jul 06, 2021",$0.6949,$0.695,$0.6943,$0.6944,$0
"Jul 05, 2021",$0.5997,$0.6951,$0.5997,$0.6949,$0
"Jul 04, 2021",$0.5849,$0.5999,$0.5797,$0.5996,$0
"Jul 03, 2021",$0.5397,$0.5852,$0.5397,$0.5849,$0
"Jul 02, 2021",$0.5398,$0.5401,$0.5397,$0.5397,$0
"Jul 01, 2021",$0.5398,$0.54,$0.5397,$0.5398,$0
"Jun 30, 2021",$0.5397,$0.54,$0.5395,$0.5398,$0
"Jun 29, 2021",$0.5397,$0.5401,$0.5396,$0.5398,$0
"Jun 28, 2021",$0.54,$0.5401,$0.5396,$0.5397,$0
"Jun 27, 2021",$0.5405,$0.5409,$0.54,$0.5401,$0
"Jun 26, 2021",$0.5399,$0.5405,$0.3105,$0.5405,$0
"Jun 25, 2021",$0.4003,$0.5401,$0.3998,$0.5399,$0
"Jun 24, 2021",$0.4005,$0.4006,$0.4002,$0.4002,$0
"Jun 23, 2021",$0.4006,$0.4007,$0.4004,$0.4005,$0
"Jun 22, 2021",$0.4002,$0.4009,$0.4002,$0.4006,$0
"Jun 21, 2021",$0.4006,$0.4009,$0.4002,$0.4003,$0
"Jun 20, 2021",$0.5508,$0.5509,$0.4005,$0.4006,$0
"Jun 19, 2021",$0.551,$0.5511,$0.5502,$0.5509,$0
"Jun 18, 2021",$0.4004,$0.5511,$0.4004,$0.5509,$0
"Jun 17, 2021",$0.5,$0.5003,$0.4002,$0.4004,$0
"Jun 16, 2021",$0.5002,$0.5005,$0.4997,$0.5001,$0
"Jun 15, 2021",$0.5002,$0.5053,$0.4999,$0.5052,$1
"Jun 14, 2021",$0.4999,$0.5104,$0.4998,$0.5101,$1
"Jun 13, 2021",$0.5006,$0.5006,$0.4998,$0.4998,$0
"Jun 12, 2021",$0.5503,$0.5507,$0.5,$0.5006,$0
"Jun 11, 2021",$0.5004,$0.5505,$0.5003,$0.5502,$0
"Jun 10, 2021",$0.3203,$0.5005,$0.3202,$0.5004,$0
"Jun 09, 2021",$0.3004,$0.3209,$0.3001,$0.3203,$0
"Jun 08, 2021",$0.4704,$0.4705,$0.3001,$0.3004,$0
"Jun 07, 2021",$0.6405,$0.6982,$0.4501,$0.4703,$0
"Jun 06, 2021",$0.3601,$0.6407,$0.2202,$0.6405,$0
"Jun 05, 2021",$0.3003,$0.3602,$0.3001,$0.3602,$0
"Jun 04, 2021",$0.2006,$0.3004,$0.2005,$0.3004,$0
"Jun 03, 2021",$0.2007,$0.2007,$0.2005,$0.2006,$0
"Jun 02, 2021",$0.2006,$0.2008,$0.2006,$0.2007,$0
"Jun 01, 2021",$0.2007,$0.2008,$0.2005,$0.2006,$0
"May 31, 2021",$0.2006,$0.2009,$0.2006,$0.2007,$0
"May 30, 2021",$0.2007,$0.2008,$0.2005,$0.2006,$0
"May 29, 2021",$0.2007,$0.2008,$0.2006,$0.2007,$0
"May 28, 2021",$0.2008,$0.2009,$0.2007,$0.2007,$0
"May 27, 2021",$0.201,$0.201,$0.2007,$0.2008,$0
"May 26, 2021",$0.2008,$0.201,$0.2008,$0.201,$0
"May 25, 2021",$0.2004,$0.201,$0.2004,$0.2008,$0
"May 24, 2021",$0.2004,$0.2005,$0.2003,$0.2004,$0
"May 23, 2021",$0.2991,$0.2991,$0.2002,$0.2004,$0
"May 22, 2021",$0.2992,$0.2992,$0.2988,$0.2991,$0
"May 21, 2021",$0.3206,$0.3206,$0.2989,$0.2992,$0
"May 20, 2021",$0.3235,$0.3236,$0.3204,$0.3206,$0
"May 19, 2021",$0.3903,$0.4852,$0.3226,$0.3235,$0
"May 18, 2021",$0.3899,$0.3908,$0.3899,$0.3902,$0
"May 17, 2021",$0.39,$0.3901,$0.3899,$0.3901,$0
"May 16, 2021",$0.4848,$0.485,$0.3899,$0.39,$0
"May 15, 2021",$0.4947,$0.4948,$0.4848,$0.485,$0
"May 14, 2021",$0.3724,$0.4948,$0.3719,$0.4946,$0
"May 13, 2021",$0.45,$0.495,$0.3723,$0.3724,$0
"May 12, 2021",$0.3713,$0.495,$0.3712,$0.45,$0
"May 11, 2021",$0.3714,$0.3716,$0.3712,$0.3713,$0
"May 10, 2021",$0.3706,$0.3715,$0.3705,$0.3713,$0
"May 09, 2021",$0.3666,$0.3707,$0.3665,$0.3706,$0
"May 08, 2021",$0.4401,$0.495,$0.3665,$0.3667,$0
"May 07, 2021",$0.4401,$0.4401,$0.3665,$0.44,$0
"May 06, 2021",$0.36,$0.4401,$0.3599,$0.44,$0
"May 05, 2021",$0.361,$0.3701,$0.3599,$0.36,$0
"May 04, 2021",$0.3651,$0.3651,$0.3609,$0.3611,$0
"May 03, 2021",$0.5,$0.5,$0.3649,$0.3651,$0
"May 02, 2021",$0.5,$0.5,$0.4998,$0.5,$0
"May 01, 2021",$0.41,$0.5,$0.4099,$0.5,$0
"Apr 30, 2021",$0.41,$0.4101,$0.3599,$0.4099,$0
"Apr 29, 2021",$0.4,$0.4101,$0.3999,$0.41,$0
"Apr 28, 2021",$0.3668,$0.4001,$0.3666,$0.4,$0
"Apr 27, 2021",$0.3358,$0.367,$0.3357,$0.3667,$0
"Apr 26, 2021",$0.3406,$0.3613,$0.3313,$0.3358,$0
"Apr 25, 2021",$0.3516,$0.3898,$0.3331,$0.3406,$0
"Apr 24, 2021",$0.3786,$0.3834,$0.3462,$0.3516,$0
"Apr 23, 2021",$0.396,$0.4037,$0.3674,$0.3785,$0
"Apr 22, 2021",$0.404,$0.4481,$0.3932,$0.396,$0
"Apr 21, 2021",$0.448,$0.4843,$0.3978,$0.404,$0
"Apr 20, 2021",$0.4392,$0.4745,$0.4121,$0.448,$0
"Apr 19, 2021",$0.5027,$0.5107,$0.4288,$0.4394,$0
"Apr 18, 2021",$0.4764,$0.5164,$0.4157,$0.5026,$0
"Apr 17, 2021",$0.4307,$0.5046,$0.4198,$0.4764,$0
"Apr 16, 2021",$0.4453,$0.472,$0.387,$0.4308,"$87,902"
"Apr 15, 2021",$0.4898,$0.4936,$0.4123,$0.4454,"$83,260"
"Apr 14, 2021",$0.3776,$0.5078,$0.3776,$0.4897,"$106,732"
"Apr 13, 2021",$0.3931,$0.4557,$0.3606,$0.3777,"$59,720"
"Apr 12, 2021",$0.3651,$0.434,$0.3469,$0.3932,"$78,669"
"Apr 11, 2021",$0.4083,$0.4652,$0.3615,$0.3652,"$64,503"
"Apr 10, 2021",$0.3762,$0.4726,$0.3109,$0.4083,"$89,294"
"Apr 09, 2021",$0.334,$0.4613,$0.3027,$0.3762,"$89,147"
"Apr 08, 2021",$0.3438,$0.3715,$0.3128,$0.334,"$53,334"
"Apr 07, 2021",$0.3825,$0.3896,$0.3422,$0.3439,"$47,405"
"Apr 06, 2021",$0.3529,$0.4016,$0.3381,$0.3825,"$63,018"
"Apr 05, 2021",$0.3199,$0.3656,$0.3032,$0.3527,"$63,782"
"Apr 04, 2021",$0.3153,$0.3613,$0.281,$0.3199,"$64,163"
"Apr 03, 2021",$0.3,$0.3735,$0.284,$0.3154,"$67,579"
"Apr 02, 2021",$0.3284,$0.3659,$0.2837,$0.3,"$56,230"
"Apr 01, 2021",$0.3017,$0.3784,$0.2801,$0.3285,"$73,456"
"Mar 31, 2021",$0.3164,$0.36,$0.2704,$0.3017,"$62,583"
"Mar 30, 2021",$0.3343,$0.3599,$0.2713,$0.3164,"$65,846"
"Mar 29, 2021",$0.2914,$0.3622,$0.2712,$0.3343,"$74,180"
"Mar 28, 2021",$0.3376,$0.3492,$0.2755,$0.2915,"$54,850"
"Mar 27, 2021",$0.2904,$0.3378,$0.2752,$0.3376,"$80,105"
"Mar 26, 2021",$0.2938,$0.3354,$0.2752,$0.2904,"$51,283"
"Mar 25, 2021",$0.3087,$0.3406,$0.2854,$0.2938,"$47,293"
"Mar 24, 2021",$0.3292,$0.3678,$0.3087,$0.3087,"$45,596"
"Mar 23, 2021",$0.3286,$0.3673,$0.3068,$0.3291,"$47,191"
"Mar 22, 2021",$0.3208,$0.3683,$0.3069,$0.3286,"$59,518"
"Mar 21, 2021",$0.3478,$0.3827,$0.308,$0.3208,"$56,557"
"Mar 20, 2021",$0.3564,$0.3879,$0.2889,$0.3479,"$54,454"
"Mar 19, 2021",$0.3058,$0.3926,$0.3058,$0.3564,"$64,137"
"Mar 18, 2021",$0.327,$0.3924,$0.277,$0.3058,"$50,807"
"Mar 17, 2021",$0.3207,$0.3648,$0.2791,$0.3269,"$72,119"
"Mar 16, 2021",$0.2998,$0.3671,$0.2693,$0.3201,"$63,216"
"Mar 15, 2021",$0.322,$0.3739,$0.2765,$0.2997,"$61,030"
"Mar 14, 2021",$0.3224,$0.3878,$0.2884,$0.3223,"$68,412"
"Mar 13, 2021",$0.3636,$0.404,$0.2649,$0.3225,"$70,440"
"Mar 12, 2021",$0.349,$0.396,$0.268,$0.3637,"$79,283"
"Mar 11, 2021",$0.3324,$0.3938,$0.2692,$0.349,"$66,388"
"Mar 10, 2021",$0.3522,$0.3917,$0.2722,$0.3323,"$58,013"
"Mar 09, 2021",$0.3344,$0.3875,$0.2703,$0.3522,"$68,837"
"Mar 08, 2021",$0.3187,$0.3764,$0.2971,$0.3344,"$66,940"
"Mar 07, 2021",$0.3101,$0.3684,$0.2788,$0.3187,"$63,390"
"Mar 06, 2021",$0.3487,$0.3577,$0.2806,$0.3101,"$59,576"
"Mar 05, 2021",$0.2982,$0.356,$0.266,$0.3488,"$66,176"
"Mar 04, 2021",$0.3179,$0.3695,$0.2682,$0.2982,"$55,326"
"Mar 03, 2021",$0.3205,$0.377,$0.2827,$0.3179,"$63,661"
"Mar 02, 2021",$0.379,$0.3842,$0.2984,$0.3204,"$63,086"
"Mar 01, 2021",$0.3358,$0.3865,$0.3036,$0.379,"$78,410"
"Feb 28, 2021",$0.3177,$0.3657,$0.3015,$0.3358,"$58,630"
"Feb 27, 2021",$0.318,$0.3933,$0.3006,$0.3177,"$67,000"
"Feb 26, 2021",$0.364,$0.3981,$0.2957,$0.318,"$64,319"
"Feb 25, 2021",$0.3521,$0.4103,$0.322,$0.3641,"$73,725"
"Feb 24, 2021",$0.3618,$0.4062,$0.3393,$0.3521,"$72,200"
"Feb 23, 2021",$0.4046,$0.4683,$0.3448,$0.3618,"$77,765"
"Feb 22, 2021",$0.4294,$0.4804,$0.3914,$0.4046,"$80,473"
"Feb 21, 2021",$0.4711,$0.4927,$0.3975,$0.4293,"$82,658"
"Feb 20, 2021",$0.4763,$0.5024,$0.3966,$0.4712,"$93,129"
"Feb 19, 2021",$0.4392,$0.4819,$0.3942,$0.4761,"$105,460"
"Feb 18, 2021",$0.4254,$0.4754,$0.392,$0.4392,"$96,091"
"Feb 17, 2021",$0.4622,$0.4817,$0.414,$0.4254,"$256,089"
"Feb 16, 2021",$0.4607,$0.4765,$0.324,$0.4624,"$170,505"
"Feb 15, 2021",$0.4487,$0.4735,$0.3639,$0.4607,"$211,931"
"Feb 14, 2021",$0.2727,$0.4707,$0.2727,$0.4487,"$229,126"
"Feb 13, 2021",$0.325,$0.3899,$0.2668,$0.2727,"$186,564"
"Feb 12, 2021",$0.2776,$0.3371,$0.2423,$0.325,"$177,955"
"Feb 11, 2021",$0.2693,$0.3153,$0.2198,$0.2774,"$155,573"
"Feb 10, 2021",$0.2266,$0.2726,$0.2097,$0.2692,"$110,758"
"Feb 09, 2021",$0.218,$0.2674,$0.2068,$0.2266,"$116,244"
"Feb 08, 2021",$0.2337,$0.2337,$0.1799,$0.2179,"$118,183"
"Feb 07, 2021",$0.2228,$0.2449,$0.1759,$0.2337,"$113,012"
"Feb 06, 2021",$0.2085,$0.2406,$0.1965,$0.2227,"$92,586"
"Feb 05, 2021",$0.2146,$0.2369,$0.1895,$0.2084,"$112,919"
"Feb 04, 2021",$0.2178,$0.2398,$0.1878,$0.2146,"$100,128"
"Feb 03, 2021",$0.1903,$0.2361,$0.1783,$0.2178,"$105,202"
"Feb 02, 2021",$0.1822,$0.2199,$0.1729,$0.1903,"$108,474"
"Feb 01, 2021",$0.2001,$0.2182,$0.1713,$0.1822,"$103,647"
"Jan 31, 2021",$0.1796,$0.2266,$0.1689,$0.2002,"$87,393"
"Jan 30, 2021",$0.208,$0.2147,$0.1624,$0.1797,"$74,401"
"Jan 29, 2021",$0.1896,$0.2203,$0.173,$0.2078,"$110,040"
"Jan 28, 2021",$0.1961,$0.2163,$0.1725,$0.2026,"$112,272"
"Jan 27, 2021",$0.2121,$0.2164,$0.1772,$0.196,"$120,580"
"Jan 26, 2021",$0.2061,$0.2421,$0.1714,$0.2121,"$117,723"
"Jan 25, 2021",$0.1691,$0.2252,$0.1656,$0.206,"$81,966"
"Jan 24, 2021",$0.1736,$0.2131,$0.1668,$0.1691,"$91,323"
"Jan 23, 2021",$0.1741,$0.2168,$0.1622,$0.1736,"$98,393"
"Jan 22, 2021",$0.1733,$0.2112,$0.1626,$0.174,"$82,036"
"Jan 21, 2021",$0.2145,$0.2248,$0.1617,$0.1733,"$90,917"
"Jan 20, 2021",$0.1848,$0.2265,$0.1648,$0.2145,"$120,990"
"Jan 19, 2021",$0.2137,$0.2334,$0.1757,$0.185,"$92,960"
"Jan 18, 2021",$0.1865,$0.2163,$0.168,$0.2139,"$129,310"
"Jan 17, 2021",$0.1946,$0.2131,$0.1671,$0.1865,"$106,617"
"Jan 16, 2021",$0.2197,$0.2197,$0.1706,$0.1946,"$108,708"
"Jan 15, 2021",$0.182,$0.2235,$0.1715,$0.2194,"$114,597"
"Jan 14, 2021",$0.1929,$0.2367,$0.1807,$0.182,"$107,770"
"Jan 13, 2021",$0.189,$0.2337,$0.1677,$0.1928,"$98,940"
"Jan 12, 2021",$0.2041,$0.2263,$0.1749,$0.1889,"$103,444"
"Jan 11, 2021",$0.207,$0.235,$0.1647,$0.204,"$102,225"
"Jan 10, 2021",$0.2112,$0.2611,$0.1834,$0.2071,"$101,242"
"Jan 09, 2021",$0.2642,$0.2676,$0.183,$0.2112,"$78,968"
"Jan 08, 2021",$0.1955,$0.2684,$0.1785,$0.2641,"$99,737"
"Jan 07, 2021",$0.2064,$0.2602,$0.1826,$0.1956,"$68,403"
"Jan 06, 2021",$0.2255,$0.2569,$0.1868,$0.2064,"$79,289"
"Jan 05, 2021",$0.2152,$0.2465,$0.185,$0.2257,"$76,812"
"Jan 04, 2021",$0.2123,$0.2379,$0.1805,$0.2153,"$102,844"
"Jan 03, 2021",$0.2216,$0.2386,$0.191,$0.2126,"$107,730"
"Jan 02, 2021",$0.208,$0.2383,$0.1857,$0.2214,"$98,021"
"Jan 01, 2021",$0.1987,$0.2356,$0.1872,$0.208,"$74,849"
"Dec 31, 2020",$0.2082,$0.2352,$0.1921,$0.1987,"$79,619"
"Dec 30, 2020",$0.2157,$0.23,$0.1904,$0.2082,"$72,238"
"Dec 29, 2020",$0.2158,$0.2357,$0.2019,$0.2157,"$103,643"
"Dec 28, 2020",$0.2314,$0.2519,$0.2071,$0.2158,"$92,549"
"Dec 27, 2020",$0.2484,$0.2887,$0.229,$0.2314,"$99,384"
"Dec 26, 2020",$0.2629,$0.2811,$0.2275,$0.2483,"$150,210"
"Dec 25, 2020",$0.2473,$0.288,$0.2279,$0.2629,"$149,941"
"Dec 24, 2020",$0.227,$0.2845,$0.2261,$0.2473,"$140,812"
"Dec 23, 2020",$0.2528,$0.2778,$0.2239,$0.2271,"$126,437"
"Dec 22, 2020",$0.2561,$0.2731,$0.22,$0.2529,"$141,547"
"Dec 21, 2020",$0.2506,$0.2994,$0.2177,$0.2564,"$140,056"
"Dec 20, 2020",$0.2853,$0.2937,$0.2138,$0.2506,"$133,075"
"Dec 19, 2020",$0.3276,$0.3309,$0.2202,$0.2853,"$150,100"
"Dec 18, 2020",$0.2705,$0.3447,$0.222,$0.3275,"$127,036"
"Dec 17, 2020",$0.228,$0.3587,$0.2161,$0.2704,"$97,845"
"Dec 16, 2020",$0.2853,$0.3331,$0.1973,$0.2281,"$79,121"
"Dec 15, 2020",$0.2555,$0.3169,$0.1976,$0.2853,"$100,612"
"Dec 14, 2020",$0.268,$0.294,$0.2226,$0.2555,"$128,020"
"Dec 13, 2020",$0.2359,$0.2937,$0.2179,$0.268,"$149,700"
"Dec 12, 2020",$0.2257,$0.2888,$0.22,$0.2359,"$111,848"
"Dec 11, 2020",$0.2135,$0.237,$0.2085,$0.2257,"$116,382"
"Dec 10, 2020",$0.2151,$0.2242,$0.2007,$0.2135,"$117,994"
"Dec 09, 2020",$0.2041,$0.2238,$0.198,$0.2151,"$96,706"
"Dec 08, 2020",$0.2002,$0.2199,$0.1858,$0.2041,"$88,332"
"Dec 07, 2020",$0.2103,$0.2183,$0.1907,$0.2002,"$72,590"
"Dec 06, 2020",$0.2343,$0.2439,$0.1958,$0.2103,"$72,408"
"Dec 05, 2020",$0.2266,$0.2439,$0.2126,$0.2343,"$128,123"
"Dec 04, 2020",$0.2365,$0.2484,$0.2136,$0.2266,"$129,761"
"Dec 03, 2020",$0.2421,$0.2492,$0.2179,$0.2365,"$125,168"
"Dec 02, 2020",$0.2125,$0.2536,$0.1768,$0.2421,"$116,762"
"Dec 01, 2020",$0.2051,$0.2534,$0.1924,$0.2125,"$68,314"
"Nov 30, 2020",$0.226,$0.2563,$0.1995,$0.2051,"$74,986"
"Nov 29, 2020",$0.2583,$0.2627,$0.2131,$0.226,"$103,334"
"Nov 28, 2020",$0.2355,$0.2643,$0.2253,$0.2583,"$152,765"
"Nov 27, 2020",$0.2312,$0.2541,$0.2051,$0.2355,"$134,107"
"Nov 26, 2020",$0.2213,$0.2562,$0.2104,$0.2311,"$127,593"
"Nov 25, 2020",$0.2337,$0.2735,$0.2106,$0.2213,"$131,302"
"Nov 24, 2020",$0.1773,$0.2621,$0.1565,$0.2337,"$109,593"
"Nov 23, 2020",$0.1812,$0.2283,$0.1557,$0.1773,"$102,328"
"Nov 22, 2020",$0.1933,$0.2117,$0.1533,$0.1812,"$114,308"
"Nov 21, 2020",$0.1978,$0.2351,$0.1486,$0.1933,"$104,411"
"Nov 20, 2020",$0.2521,$0.2521,$0.1636,$0.1978,"$123,854"
"Nov 19, 2020",$0.1873,$0.2564,$0.1592,$0.2519,"$135,961"
"Nov 18, 2020",$0.2114,$0.2714,$0.1599,$0.1872,"$104,508"
"Nov 17, 2020",$0.2884,$0.3023,$0.1278,$0.2114,"$90,016"
"Nov 16, 2020",$0.2819,$0.306,$0.1196,$0.2073,"$62,266"
"Nov 15, 2020",$0.1626,$0.292,$0.1201,$0.2819,"$86,525"
"Nov 14, 2020",$0.2967,$0.3085,$0.1124,$0.1626,"$43,631"
"Nov 13, 2020",$0.2802,$0.2969,$0.1163,$0.2967,"$77,767"
"Nov 12, 2020",$0.1535,$0.2802,$0.1096,$0.2802,"$82,082"
"Nov 11, 2020",$0.2551,$0.2691,$0.1135,$0.1534,"$54,814"
"Nov 10, 2020",$0.1939,$0.2777,$0.1414,$0.255,"$76,712"
"Nov 09, 2020",$0.2316,$0.2863,$0.1486,$0.1939,"$56,197"
"Nov 08, 2020",$0.1499,$0.2856,$0.1485,$0.2316,"$66,561"
"Nov 07, 2020",$0.1178,$0.2705,$0.1178,$0.1499,"$41,268"
"Nov 06, 2020",$0.1328,$0.3029,$0.1139,$0.1178,"$33,117"
"Nov 05, 2020",$0.2044,$0.2783,$0.1245,$0.1328,"$38,767"
"Nov 04, 2020",$0.2077,$0.2109,$0.1555,$0.2043,"$56,131"
"Nov 03, 2020",$0.1965,$0.2552,$0.1246,$0.2074,"$62,743"
"Nov 02, 2020",$0.256,$0.26,$0.124,$0.1966,"$60,099"
"Nov 01, 2020",$0.2513,$0.3058,$0.1148,$0.2557,"$76,086"
"Oct 31, 2020",$0.2409,$0.3011,$0.1245,$0.2513,"$81,665"
"Oct 30, 2020",$0.2893,$0.3087,$0.1789,$0.2409,"$75,149"
"Oct 29, 2020",$0.2289,$0.3272,$0.1766,$0.2895,"$85,534"
"Oct 28, 2020",$0.1326,$0.3782,$0.1318,$0.2289,"$70,860"
"Oct 27, 2020",$0.1878,$0.3955,$0.114,$0.1325,"$41,109"
"Oct 26, 2020",$0.2763,$0.3832,$0.1129,$0.1878,"$52,271"
"Oct 25, 2020",$0.257,$0.3838,$0.1124,$0.2762,"$74,867"
"Oct 24, 2020",$0.1135,$0.3778,$0.1125,$0.2571,"$67,763"
"Oct 23, 2020",$0.3262,$0.3858,$0.1082,$0.1135,"$30,810"
"Oct 22, 2020",$0.3095,$0.3905,$0.1499,$0.3265,"$84,003"
"Oct 21, 2020",$0.1948,$0.3842,$0.1423,$0.3095,"$81,774"
"Oct 20, 2020",$0.16,$0.3394,$0.1556,$0.3354,"$95,082"
"Oct 19, 2020",$0.2174,$0.3299,$0.1558,$0.2288,"$72,094"
"Oct 18, 2020",$0.2513,$0.3503,$0.1551,$0.2174,"$65,620"
"Oct 17, 2020",$0.285,$0.3594,$0.2169,$0.2513,"$79,191"
"Oct 16, 2020",$0.2894,$0.3568,$0.2179,$0.2852,"$89,381"
"Oct 15, 2020",$0.2294,$0.3652,$0.2201,$0.29,"$102,110"
"Oct 14, 2020",$0.2642,$0.4021,$0.1544,$0.2292,"$72,667"
"Oct 13, 2020",$0.2625,$0.3956,$0.1486,$0.2017,"$43,008"
"Oct 12, 2020",$0.2582,$0.409,$0.1416,$0.2626,"$57,625"
"Oct 11, 2020",$0.2187,$0.2645,$0.2179,$0.2583,"$65,227"
"Oct 10, 2020",$0.2411,$0.2685,$0.2152,$0.2307,"$55,852"
"Oct 09, 2020",$0.2319,$0.2634,$0.2122,$0.2411,"$50,835"
"Oct 08, 2020",$0.2239,$0.2593,$0.2063,$0.2318,"$46,797"
"Oct 07, 2020",$0.2269,$0.2505,$0.2147,$0.224,"$44,259"
"Oct 06, 2020",$0.2337,$0.2535,$0.2176,$0.2241,"$69,954"
"Oct 05, 2020",$0.2345,$0.2584,$0.2223,$0.2328,"$77,075"
"Oct 04, 2020",$0.2524,$0.2594,$0.2256,$0.2344,"$71,213"
"Oct 03, 2020",$0.2375,$0.2577,$0.2159,$0.2394,"$77,405"
"Oct 02, 2020",$0.2418,$0.2621,$0.2226,$0.2373,"$64,079"
"Oct 01, 2020",$0.2429,$0.2553,$0.2369,$0.242,"$82,419"
"Sep 30, 2020",$0.2515,$0.2545,$0.2333,$0.2429,"$74,395"
"Sep 29, 2020",$0.2622,$0.3446,$0.2388,$0.2515,"$81,122"
"Sep 28, 2020",$0.2617,$0.3479,$0.2436,$0.3365,"$102,734"
"Sep 27, 2020",$0.3043,$0.3429,$0.2409,$0.3238,"$102,687"
"Sep 26, 2020",$0.2663,$0.3494,$0.2397,$0.304,"$90,739"
"Sep 25, 2020",$0.2764,$0.3491,$0.2452,$0.2663,"$81,279"
"Sep 24, 2020",$0.2575,$0.341,$0.256,$0.2764,"$83,922"
"Sep 23, 2020",$0.2605,$0.2798,$0.2577,$0.2578,"$82,789"
"Sep 22, 2020",$0.2955,$0.3888,$0.2639,$0.2644,"$51,945"
"Sep 21, 2020",$0.3835,$0.4045,$0.2887,$0.2957,"$61,610"
"Sep 20, 2020",$0.3615,$0.4064,$0.3004,$0.3836,"$78,530"
"Sep 19, 2020",$0.3139,$0.4076,$0.3023,$0.3948,"$81,158"
"Sep 18, 2020",$0.3447,$0.4051,$0.2998,$0.3138,"$64,745"
"Sep 17, 2020",$0.3706,$0.4124,$0.2975,$0.3447,"$65,187"
"Sep 16, 2020",$0.3119,$0.4173,$0.2991,$0.3706,"$76,475"
"Sep 15, 2020",$0.3246,$0.4108,$0.2945,$0.3119,"$61,284"
"Sep 14, 2020",$0.3368,$0.4038,$0.2862,$0.3246,"$69,082"
"Sep 13, 2020",$0.3094,$0.3992,$0.2846,$0.3791,"$79,702"
"Sep 12, 2020",$0.39,$0.3936,$0.2849,$0.3094,"$66,840"
"Sep 11, 2020",$0.3053,$0.3918,$0.283,$0.3899,"$78,728"
"Sep 10, 2020",$0.3663,$0.3934,$0.2839,$0.3053,"$63,836"
"Sep 09, 2020",$0.3231,$0.3873,$0.2779,$0.3663,"$72,955"
"Sep 08, 2020",$0.3017,$0.3911,$0.2763,$0.3231,"$65,053"
"Sep 07, 2020",$0.3151,$0.3882,$0.278,$0.3016,"$61,031"
"Sep 06, 2020",$0.3528,$0.3873,$0.2815,$0.3151,"$58,787"
"Sep 05, 2020",$0.3103,$0.3977,$0.2771,$0.3524,"$66,827"
"Sep 04, 2020",$0.3073,$0.3996,$0.2836,$0.3104,"$56,900"
"Sep 03, 2020",$0.2973,$0.4323,$0.2708,$0.3071,"$63,554"
"Sep 02, 2020",$0.3867,$0.4514,$0.2831,$0.2974,"$61,536"
"Sep 01, 2020",$0.329,$0.4547,$0.2929,$0.3389,"$74,883"
"Aug 31, 2020",$0.3209,$0.4446,$0.2912,$0.3291,"$66,955"
"Aug 30, 2020",$0.3505,$0.442,$0.2901,$0.3208,"$67,682"
"Aug 29, 2020",$0.4048,$0.438,$0.2891,$0.3553,"$71,772"
"Aug 28, 2020",$0.3371,$0.4362,$0.2869,$0.4047,"$79,370"
"Aug 27, 2020",$0.4041,$0.4323,$0.2854,$0.3371,"$65,743"
"Aug 26, 2020",$0.3087,$0.4514,$0.2841,$0.4042,"$79,846"
"Aug 25, 2020",$0.3848,$0.4695,$0.2867,$0.309,"$61,856"
"Aug 24, 2020",$0.4534,$0.4692,$0.2934,$0.3637,"$70,741"
"Aug 23, 2020",$0.4028,$0.4638,$0.2907,$0.2985,"$61,663"
"Aug 22, 2020",$0.3491,$0.4378,$0.2901,$0.4028,"$76,949"
"Aug 21, 2020",$0.3752,$0.4441,$0.2956,$0.3489,"$70,162"
"Aug 20, 2020",$0.4403,$0.4522,$0.2948,$0.3562,"$70,590"
"Aug 19, 2020",$0.4214,$0.4765,$0.2952,$0.4403,"$93,111"
"Aug 18, 2020",$0.3086,$0.4854,$0.3063,$0.4214,"$81,291"
"Aug 17, 2020",$0.3024,$0.3442,$0.2969,$0.3086,"$70,282"
"Aug 16, 2020",$0.3076,$0.3332,$0.2967,$0.3024,"$64,710"
"Aug 15, 2020",$0.2989,$0.3332,$0.2961,$0.3077,"$63,680"
"Aug 14, 2020",$0.3557,$0.4235,$0.2936,$0.2988,"$60,062"
"Aug 13, 2020",$0.3473,$0.3647,$0.3207,$0.3558,"$67,849"
"Aug 12, 2020",$0.3362,$0.3602,$0.3194,$0.3392,"$65,074"
"Aug 11, 2020",$0.3412,$0.3706,$0.3164,$0.336,"$64,579"
"Aug 10, 2020",$0.3601,$0.3737,$0.3319,$0.3411,"$74,063"
"Aug 09, 2020",$0.354,$0.3665,$0.3265,$0.3601,"$81,048"
"Aug 08, 2020",$0.3364,$0.3663,$0.3258,$0.3539,"$75,305"
"Aug 07, 2020",$0.3532,$0.3692,$0.3237,$0.3363,"$64,081"
"Aug 06, 2020",$0.3512,$0.3689,$0.3281,$0.3462,"$67,156"
"Aug 05, 2020",$0.3203,$0.3654,$0.3149,$0.3512,"$76,344"
"Aug 04, 2020",$0.325,$0.3568,$0.3134,$0.3203,"$73,759"
"Aug 03, 2020",$0.3286,$0.359,$0.3136,$0.325,"$68,141"
"Aug 02, 2020",$0.3683,$0.374,$0.3106,$0.3286,"$55,735"
"Aug 01, 2020",$0.4506,$0.4603,$0.328,$0.3684,"$38,080"
"Jul 31, 2020",$0.3519,$0.4527,$0.327,$0.4506,"$88,286"
"Jul 30, 2020",$0.3651,$0.4433,$0.3261,$0.393,"$81,852"
"Jul 29, 2020",$0.4223,$0.4553,$0.3278,$0.3651,"$72,295"
"Jul 28, 2020",$0.4679,$0.5069,$0.3175,$0.4222,"$95,388"
"Jul 27, 2020",$0.3625,$0.5081,$0.3021,$0.4679,"$96,939"
"Jul 26, 2020",$0.3368,$0.4548,$0.2906,$0.3625,"$74,861"
"Jul 25, 2020",$0.3252,$0.4409,$0.284,$0.3368,"$68,980"
"Jul 24, 2020",$0.4131,$0.4353,$0.2678,$0.4138,"$87,222"
"Jul 23, 2020",$0.2925,$0.4373,$0.2914,$0.4131,"$80,236"
"Jul 22, 2020",$0.2642,$0.4302,$0.2642,$0.2925,"$58,279"
"Jul 21, 2020",$0.2946,$0.3088,$0.2602,$0.2642,"$58,251"
"Jul 20, 2020",$0.3007,$0.3032,$0.2768,$0.2946,"$49,957"
"Jul 19, 2020",$0.2828,$0.3022,$0.2743,$0.3003,"$62,735"
"Jul 18, 2020",$0.3539,$0.421,$0.2571,$0.2755,"$56,136"
"Jul 17, 2020",$0.3897,$0.4204,$0.3026,$0.354,"$72,041"
"Jul 16, 2020",$0.327,$0.4198,$0.3009,$0.3898,"$77,287"
"Jul 15, 2020",$0.4,$0.422,$0.3043,$0.3271,"$68,453"
"Jul 14, 2020",$0.3389,$0.4222,$0.3038,$0.3704,"$75,680"
"Jul 13, 2020",$0.424,$0.425,$0.306,$0.3389,"$72,637"
"Jul 12, 2020",$0.3798,$0.424,$0.3078,$0.424,"$81,092"
"Jul 11, 2020",$0.3416,$0.4235,$0.3052,$0.3798,"$71,404"
"Jul 10, 2020",$0.3947,$0.4234,$0.3047,$0.3416,"$70,427"
"Jul 09, 2020",$0.4018,$0.4288,$0.3068,$0.3947,"$80,285"
"Jul 08, 2020",$0.3526,$0.4292,$0.3069,$0.4018,"$83,564"
"Jul 07, 2020",$0.337,$0.4268,$0.297,$0.3526,"$73,026"
"Jul 06, 2020",$0.4131,$0.4273,$0.293,$0.3371,"$73,050"
"Jul 05, 2020",$0.3327,$0.4166,$0.2747,$0.4131,"$84,482"
"Jul 04, 2020",$0.3148,$0.4188,$0.2633,$0.3327,"$66,582"
"Jul 03, 2020",$0.3441,$0.4187,$0.2672,$0.3148,"$61,980"
"Jul 02, 2020",$0.3533,$0.4213,$0.2642,$0.3651,"$76,102"
"Jul 01, 2020",$0.3947,$0.4216,$0.3004,$0.3531,"$71,045"
"Jun 30, 2020",$0.3151,$0.4208,$0.2682,$0.3925,"$83,668"
"Jun 29, 2020",$0.4041,$0.4185,$0.2637,$0.3755,"$78,833"
"Jun 28, 2020",$0.4123,$0.4186,$0.2636,$0.3958,"$79,328"
"Jun 27, 2020",$0.3056,$0.4191,$0.2654,$0.4123,"$79,269"
"Jun 26, 2020",$0.2701,$0.4226,$0.2676,$0.291,"$54,569"
"Jun 25, 2020",$0.4206,$0.4253,$0.2692,$0.3515,"$76,862"
"Jun 24, 2020",$0.4336,$0.4404,$0.2695,$0.4206,"$88,456"
"Jun 23, 2020",$0.2866,$0.4413,$0.2796,$0.4334,"$91,167"
"Jun 22, 2020",$0.3236,$0.4409,$0.2728,$0.2866,"$55,794"
"Jun 21, 2020",$0.4241,$0.428,$0.2717,$0.3235,"$69,184"
"Jun 20, 2020",$0.3497,$0.4295,$0.2693,$0.4243,"$84,115"
"Jun 19, 2020",$0.3137,$0.43,$0.2703,$0.3499,"$70,157"
"Jun 18, 2020",$0.2841,$0.4312,$0.2735,$0.3133,"$64,041"
"Jun 17, 2020",$0.2905,$0.433,$0.2753,$0.2842,"$53,783"
"Jun 16, 2020",$0.2859,$0.4374,$0.276,$0.2905,"$56,282"
"Jun 15, 2020",$0.3375,$0.4303,$0.2683,$0.2858,"$58,067"
"Jun 14, 2020",$0.4317,$0.4326,$0.2731,$0.3789,"$78,674"
"Jun 13, 2020",$0.3507,$0.4326,$0.2761,$0.3117,"$66,172"
"Jun 12, 2020",$0.4136,$0.4331,$0.2712,$0.3506,"$73,721"
"Jun 11, 2020",$0.3453,$0.452,$0.2736,$0.4138,"$85,517"
"Jun 10, 2020",$0.3027,$0.4527,$0.2844,$0.3453,"$67,650"
"Jun 09, 2020",$0.3791,$0.4443,$0.2822,$0.4437,"$86,526"
"Jun 08, 2020",$0.4265,$0.4468,$0.2827,$0.3224,"$64,244"
"Jun 07, 2020",$0.2807,$0.443,$0.2733,$0.4265,"$81,513"
"Jun 06, 2020",$0.344,$0.4872,$0.2707,$0.2807,"$58,767"
"Jun 05, 2020",$0.2793,$0.5542,$0.2767,$0.344,"$71,620"
"Jun 04, 2020",$0.3795,$0.5494,$0.2747,$0.2793,"$57,064"
"Jun 03, 2020",$0.3809,$0.404,$0.3619,$0.3795,"$76,106"
"Jun 02, 2020",$0.3976,$0.4265,$0.3616,$0.3809,"$80,187"
"Jun 01, 2020",$0.3835,$0.4196,$0.3609,$0.4107,"$81,066"
"May 31, 2020",$0.3792,$0.4021,$0.3599,$0.3836,"$81,121"
"May 30, 2020",$0.3831,$0.4064,$0.3574,$0.3869,"$75,502"
"May 29, 2020",$0.3858,$0.3992,$0.3581,$0.3831,"$71,233"
"May 28, 2020",$0.3499,$0.3954,$0.3488,$0.3629,"$67,618"
"May 27, 2020",$0.3859,$0.395,$0.3367,$0.3674,"$77,019"
"May 26, 2020",$0.4025,$0.4415,$0.3365,$0.3859,"$80,658"
"May 25, 2020",$0.3722,$0.4532,$0.3352,$0.3955,"$80,812"
"May 24, 2020",$0.455,$0.4771,$0.342,$0.4473,"$92,651"
"May 23, 2020",$0.3904,$0.4796,$0.3501,$0.455,"$88,657"
"May 22, 2020",$0.4441,$0.4765,$0.3449,$0.3802,"$75,943"
"May 21, 2020",$0.3722,$0.4955,$0.3457,$0.4441,"$91,223"
"May 20, 2020",$0.4239,$0.5062,$0.3604,$0.3722,"$71,430"
"May 19, 2020",$0.5029,$0.5232,$0.3678,$0.4238,"$85,109"
"May 18, 2020",$0.4846,$0.5281,$0.3672,$0.5032,"$96,839"
"May 17, 2020",$0.4133,$0.5217,$0.3591,$0.4546,"$92,184"
"May 16, 2020",$0.3889,$0.5063,$0.3598,$0.4132,"$82,777"
"May 15, 2020",$0.4184,$0.5202,$0.3544,$0.3885,"$80,951"
"May 14, 2020",$0.3721,$0.5171,$0.3533,$0.4185,"$74,966"
"May 13, 2020",$0.3476,$0.4741,$0.338,$0.3721,"$68,947"
"May 12, 2020",$0.4387,$0.4523,$0.3302,$0.3475,"$67,541"
"May 11, 2020",$0.4239,$0.4558,$0.324,$0.4385,"$91,930"
"May 10, 2020",$0.4533,$0.4855,$0.3218,$0.4236,"$82,576"
"May 09, 2020",$0.4221,$0.5427,$0.3665,$0.4534,"$91,612"
"May 08, 2020",$0.4542,$0.5581,$0.3776,$0.3856,"$75,142"
"May 07, 2020",$0.4851,$0.5573,$0.395,$0.4542,"$87,762"
"May 06, 2020",$0.4682,$0.492,$0.4656,$0.4851,"$97,841"
"May 05, 2020",$0.4632,$0.4745,$0.4603,$0.4687,"$93,504"
"May 04, 2020",$0.4624,$0.4702,$0.4501,$0.4669,"$85,636"
"May 03, 2020",$0.4689,$0.4809,$0.4585,$0.4649,"$100,997"
"May 02, 2020",$0.4619,$0.4725,$0.4584,$0.4686,"$100,924"
"May 01, 2020",$0.4496,$0.4719,$0.4496,$0.4619,"$89,277"
"Apr 30, 2020",$0.4868,$0.5663,$0.4446,$0.4496,"$86,371"
"Apr 29, 2020",$0.4233,$0.5418,$0.4055,$0.4873,"$94,673"
"Apr 28, 2020",$0.4674,$0.4776,$0.402,$0.4532,"$85,478"
"Apr 27, 2020",$0.4133,$0.4754,$0.3862,$0.4672,"$84,983"
"Apr 26, 2020",$0.4705,$0.4877,$0.374,$0.4126,"$81,753"
"Apr 25, 2020",$0.3523,$0.4893,$0.3504,$0.4659,"$91,715"
"Apr 24, 2020",$0.3969,$0.4208,$0.2979,$0.3515,"$68,163"
"Apr 23, 2020",$0.3133,$0.4158,$0.2741,$0.397,"$75,079"
"Apr 22, 2020",$0.3716,$0.398,$0.2799,$0.3133,"$64,062"
"Apr 21, 2020",$0.2826,$0.3855,$0.2549,$0.3455,"$52,204"
"Apr 20, 2020",$0.2819,$0.3592,$0.2526,$0.2826,"$57,573"
"Apr 19, 2020",$0.3304,$0.3575,$0.2647,$0.2819,"$50,695"
"Apr 18, 2020",$0.309,$0.3559,$0.2643,$0.353,"$66,352"
"Apr 17, 2020",$0.3102,$0.3935,$0.2608,$0.309,"$61,311"
"Apr 16, 2020",$0.3143,$0.3911,$0.2784,$0.3271,"$61,713"
"Apr 15, 2020",$0.2937,$0.3899,$0.2783,$0.3145,"$62,676"
"Apr 14, 2020",$0.3628,$0.3924,$0.2917,$0.2941,"$62,149"
"Apr 13, 2020",$0.3284,$0.3946,$0.2963,$0.3628,"$70,587"
"Apr 12, 2020",$0.323,$0.4007,$0.3097,$0.3287,"$62,991"
"Apr 11, 2020",$0.3259,$0.3811,$0.3029,$0.3228,"$57,252"
"Apr 10, 2020",$0.3677,$0.4184,$0.3009,$0.3259,"$63,681"
"Apr 09, 2020",$0.4136,$0.4244,$0.3157,$0.3678,"$68,772"
"Apr 08, 2020",$0.4447,$0.4614,$0.315,$0.4137,"$80,055"
"Apr 07, 2020",$0.3842,$0.4614,$0.3206,$0.4449,"$85,020"
"Apr 06, 2020",$0.3255,$0.4515,$0.3031,$0.3762,"$75,550"
"Apr 05, 2020",$0.4026,$0.4211,$0.2967,$0.3255,"$62,638"
"Apr 04, 2020",$0.4169,$0.4235,$0.297,$0.4026,"$84,329"
"Apr 03, 2020",$0.3063,$0.4247,$0.2903,$0.417,"$79,375"
"Apr 02, 2020",$0.3289,$0.4172,$0.2848,$0.3067,"$64,481"
"Apr 01, 2020",$0.3104,$0.3894,$0.2656,$0.2895,"$55,155"
"Mar 31, 2020",$0.3575,$0.3908,$0.2672,$0.3104,"$61,680"
"Mar 30, 2020",$0.2869,$0.3891,$0.2495,$0.3584,"$80,755"
"Mar 29, 2020",$0.4621,$0.4638,$0.2657,$0.2871,"$43,551"
"Mar 28, 2020",$0.2938,$0.5497,$0.2802,$0.4621,"$1,857"
"Mar 27, 2020",$0.2573,$0.3015,$0.2551,$0.2937,"$38,101"
"Mar 26, 2020",$0.2587,$0.2984,$0.252,$0.2643,"$55,313"
"Mar 25, 2020",$0.2951,$0.3016,$0.2474,$0.2587,"$51,635"
"Mar 24, 2020",$0.2777,$0.2965,$0.2453,$0.2952,"$56,765"
"Mar 23, 2020",$0.2523,$0.2846,$0.226,$0.2775,"$59,980"
"Mar 22, 2020",$0.2606,$0.2799,$0.2247,$0.2523,"$52,311"
"Mar 21, 2020",$0.2621,$0.2783,$0.2285,$0.2604,"$50,616"
"Mar 20, 2020",$0.2155,$0.3246,$0.1767,$0.2621,"$50,871"
"Mar 19, 2020",$0.2258,$0.2904,$0.1627,$0.2155,"$45,165"
"Mar 18, 2020",$0.2531,$0.266,$0.2092,$0.2258,"$45,588"
"Mar 17, 2020",$0.2186,$0.2656,$0.2069,$0.2157,"$41,183"
"Mar 16, 2020",$0.2235,$0.2656,$0.1919,$0.2259,"$42,301"
"Mar 15, 2020",$0.2401,$0.2831,$0.2174,$0.2236,"$47,892"
"Mar 14, 2020",$0.2732,$0.2801,$0.217,$0.2401,"$49,928"
"Mar 13, 2020",$0.2455,$0.2857,$0.1871,$0.2574,"$56,145"
"Mar 12, 2020",$0.3626,$0.3828,$0.2276,$0.2457,"$50,607"
"Mar 11, 2020",$0.3992,$0.403,$0.3494,$0.3626,"$72,863"
"Mar 10, 2020",$0.3641,$0.4126,$0.3374,$0.3721,"$73,191"
"Mar 09, 2020",$0.3771,$0.4037,$0.3317,$0.3702,"$76,548"
"Mar 08, 2020",$0.3999,$0.4233,$0.3504,$0.3773,"$72,640"
"Mar 07, 2020",$0.4168,$0.4394,$0.3791,$0.3999,"$79,578"
"Mar 06, 2020",$0.4606,$0.4653,$0.3896,$0.4169,"$82,263"
"Mar 05, 2020",$0.4452,$0.4688,$0.4438,$0.4606,"$100,773"
"Mar 04, 2020",$0.4825,$0.4842,$0.4405,$0.4477,"$101,340"
"Mar 03, 2020",$0.4653,$0.4937,$0.4452,$0.4826,"$92,208"
"Mar 02, 2020",$0.4565,$0.5014,$0.445,$0.4654,"$81,977"
"Mar 01, 2020",$0.4595,$0.4911,$0.4447,$0.4565,"$95,385"
"Feb 29, 2020",$0.473,$0.4907,$0.439,$0.4596,"$93,332"
"Feb 28, 2020",$0.5405,$0.5647,$0.451,$0.4732,"$91,775"
"Feb 27, 2020",$0.459,$0.5542,$0.447,$0.5406,"$107,165"
"Feb 26, 2020",$0.4883,$0.5038,$0.3935,$0.459,"$88,585"
"Feb 25, 2020",$0.4471,$0.5192,$0.4059,$0.4186,"$76,392"
"Feb 24, 2020",$0.5329,$0.5379,$0.4143,$0.4471,"$83,872"
"Feb 23, 2020",$0.5191,$0.5401,$0.4648,$0.5326,"$111,794"
"Feb 22, 2020",$0.4918,$0.5524,$0.4593,$0.5191,"$99,300"
"Feb 21, 2020",$0.4809,$0.5465,$0.4442,$0.4751,"$86,287"
"Feb 20, 2020",$0.4954,$0.5074,$0.428,$0.4804,"$94,531"
"Feb 19, 2020",$0.5062,$0.5282,$0.4822,$0.4948,"$93,177"
"Feb 18, 2020",$0.5358,$0.5455,$0.4696,$0.5061,"$98,276"
"Feb 17, 2020",$0.5142,$0.558,$0.4821,$0.5362,"$124,235"
"Feb 16, 2020",$0.5472,$0.569,$0.4974,$0.5136,"$113,452"
"Feb 15, 2020",$0.5851,$0.59,$0.5219,$0.5476,"$106,960"
"Feb 14, 2020",$0.5371,$0.6259,$0.536,$0.5851,"$120,984"
"Feb 13, 2020",$0.5834,$0.6476,$0.5338,$0.5362,"$101,415"
"Feb 12, 2020",$0.5929,$0.6429,$0.5375,$0.5834,"$111,063"
"Feb 11, 2020",$0.5585,$0.6339,$0.5073,$0.5929,"$111,867"
"Feb 10, 2020",$0.5393,$0.6287,$0.5254,$0.558,"$103,968"
"Feb 09, 2020",$0.5336,$0.6423,$0.4843,$0.5391,"$98,576"
"Feb 08, 2020",$0.5001,$0.5533,$0.4651,$0.5336,"$97,167"
"Feb 07, 2020",$0.4633,$0.5188,$0.4321,$0.5001,"$93,657"
"Feb 06, 2020",$0.464,$0.4995,$0.407,$0.4627,"$83,673"
"Feb 05, 2020",$0.4009,$0.5045,$0.3949,$0.464,"$91,349"
"Feb 04, 2020",$0.3811,$0.403,$0.3757,$0.3995,"$77,012"
"Feb 03, 2020",$0.3835,$0.4113,$0.3361,$0.3811,"$60,355"
"Feb 02, 2020",$0.3536,$0.4153,$0.3306,$0.3835,"$59,377"
"Feb 01, 2020",$0.3841,$0.3965,$0.3156,$0.3536,"$67,634"
"Jan 31, 2020",$0.3239,$0.3858,$0.314,$0.3398,"$64,221"
"Jan 30, 2020",$0.2719,$0.3872,$0.2666,$0.3807,"$78,428"
"Jan 29, 2020",$0.3724,$0.3741,$0.2661,$0.3643,"$71,602"
"Jan 28, 2020",$0.2663,$0.3723,$0.2563,$0.3723,"$72,532"
"Jan 27, 2020",$0.2819,$0.3489,$0.2519,$0.2817,"$61,143"
"Jan 26, 2020",$0.2482,$0.3431,$0.2359,$0.2817,"$56,149"
"Jan 25, 2020",$0.3224,$0.3339,$0.2354,$0.2365,"$47,458"
"Jan 24, 2020",$0.2674,$0.3416,$0.2474,$0.2773,"$61,144"
"Jan 23, 2020",$0.2792,$0.3535,$0.2532,$0.2674,"$51,698"
"Jan 22, 2020",$0.351,$0.3591,$0.2651,$0.2791,"$53,024"
"Jan 21, 2020",$0.3232,$0.3599,$0.3162,$0.3511,"$66,054"
"Jan 20, 2020",$0.3307,$0.3514,$0.3112,$0.3234,"$65,658"
"Jan 19, 2020",$0.3564,$0.366,$0.3105,$0.3307,"$73,832"
"Jan 18, 2020",$0.3307,$0.358,$0.3169,$0.3524,"$73,056"
"Jan 17, 2020",$0.394,$0.4501,$0.2859,$0.3307,"$61,677"
"Jan 16, 2020",$0.3291,$0.4528,$0.2874,$0.3939,"$87,911"
"Jan 15, 2020",$0.3392,$0.4534,$0.2501,$0.3291,"$86,327"
"Jan 14, 2020",$0.4645,$0.4991,$0.2208,$0.2768,"$60,479"
"Jan 13, 2020",$0.5345,$0.5816,$0.3733,$0.464,"$98,587"
"Jan 12, 2020",$0.5514,$0.6094,$0.3765,$0.5344,"$103,785"
"Jan 11, 2020",$0.5292,$0.6213,$0.4234,$0.5682,"$120,200"
"Jan 10, 2020",$0.4445,$0.6164,$0.3971,$0.5291,"$111,631"
"Jan 09, 2020",$0.5075,$0.5246,$0.4308,$0.4441,"$89,149"
"Jan 08, 2020",$0.4208,$0.5473,$0.4208,$0.5209,"$113,149"
"Jan 07, 2020",$0.4934,$0.5336,$0.4082,$0.4208,"$81,837"
"Jan 06, 2020",$0.5135,$0.5492,$0.4325,$0.4934,"$92,069"
"Jan 05, 2020",$0.5151,$0.5477,$0.4844,$0.5132,"$104,593"
"Jan 04, 2020",$0.5085,$0.5827,$0.4577,$0.5155,"$110,932"
"Jan 03, 2020",$0.4557,$0.5975,$0.4549,$0.5087,"$107,281"
"Jan 02, 2020",$0.4891,$0.5245,$0.4499,$0.4553,"$83,446"
"Jan 01, 2020",$0.5186,$0.5319,$0.4548,$0.4895,"$91,969"
"Dec 31, 2019",$0.4766,$0.5276,$0.4534,$0.5186,"$102,315"
"Dec 30, 2019",$0.4715,$0.5856,$0.425,$0.4751,"$80,675"
"Dec 29, 2019",$0.4636,$0.5986,$0.4203,$0.5147,"$108,671"
"Dec 28, 2019",$0.4482,$0.5945,$0.4233,$0.4634,"$60,097"
"Dec 27, 2019",$0.4339,$0.4523,$0.4127,$0.4484,"$57,340"
"Dec 26, 2019",$0.4681,$0.4776,$0.4259,$0.4339,"$92,433"
"Dec 25, 2019",$0.4693,$0.4796,$0.4354,$0.4681,"$97,174"
"Dec 24, 2019",$0.4567,$0.4905,$0.4394,$0.4693,"$96,166"
"Dec 23, 2019",$0.509,$0.5297,$0.4402,$0.4566,"$88,569"
"Dec 22, 2019",$0.4644,$0.5164,$0.4316,$0.509,"$95,048"
"Dec 21, 2019",$0.4814,$0.5016,$0.4313,$0.4644,"$97,364"
"Dec 20, 2019",$0.4334,$0.5049,$0.4316,$0.4816,"$96,593"
"Dec 19, 2019",$0.5818,$0.5867,$0.4334,$0.4334,"$86,001"
"Dec 18, 2019",$0.4457,$0.584,$0.4153,$0.5818,"$90,919"
"Dec 17, 2019",$0.4857,$0.5119,$0.3796,$0.4457,"$73,090"
"Dec 16, 2019",$0.3871,$0.553,$0.245,$0.4857,"$78,917"
"Dec 15, 2019",$0.4241,$0.4311,$0.3705,$0.3871,"$70,422"
"Dec 14, 2019",$0.3848,$0.4384,$0.3768,$0.4241,"$69,267"
"Dec 13, 2019",$0.4959,$0.5646,$0.237,$0.3848,"$63,889"
"Dec 12, 2019",$0.5015,$0.5653,$0.4841,$0.496,"$80,615"
"Dec 11, 2019",$0.5238,$0.5283,$0.4855,$0.5013,"$80,249"
"Dec 10, 2019",$0.5233,$0.529,$0.4889,$0.524,"$79,813"
"Dec 09, 2019",$0.5593,$0.5686,$0.5012,$0.5024,"$77,548"
"Dec 08, 2019",$0.5341,$0.5701,$0.5287,$0.5593,"$85,377"
"Dec 07, 2019",$0.5319,$0.5706,$0.5292,$0.5341,"$91,676"
"Dec 06, 2019",$0.5055,$0.5966,$0.5055,$0.532,"$84,217"
"Dec 05, 2019",$0.5478,$0.6035,$0.4812,$0.5738,"$85,895"
"Dec 04, 2019",$0.38,$0.5833,$0.3729,$0.5478,"$87,114"
"Dec 03, 2019",$0.4171,$0.5699,$0.3718,$0.38,"$61,374"
"Dec 02, 2019",$0.3783,$0.4397,$0.3696,$0.4166,"$68,378"
"Dec 01, 2019",$0.431,$0.4457,$0.3715,$0.3783,"$63,372"
"Nov 30, 2019",$0.4344,$0.4621,$0.3837,$0.4309,"$68,880"
"Nov 29, 2019",$0.4323,$0.5681,$0.3806,$0.4344,"$69,870"
"Nov 28, 2019",$0.542,$0.6064,$0.2488,$0.4249,"$69,887"
"Nov 27, 2019",$0.421,$0.7861,$0.421,$0.489,"$85,915"
"Nov 26, 2019",$0.4425,$0.5817,$0.3441,$0.4257,"$69,829"
"Nov 25, 2019",$0.337,$0.5049,$0.3,$0.4427,"$69,234"
"Nov 24, 2019",$0.4364,$0.5878,$0.3017,$0.3362,"$52,465"
"Nov 23, 2019",$0.2405,$0.5826,$0.2091,$0.4364,"$73,967"
"Nov 22, 2019",$0.5806,$0.592,$0.2004,$0.2405,"$38,488"
"Nov 21, 2019",$0.5443,$0.6495,$0.5028,$0.5806,"$88,672"
"Nov 20, 2019",$0.5087,$0.5843,$0.4878,$0.5768,"$96,024"
"Nov 19, 2019",$0.5068,$0.5893,$0.4713,$0.5087,"$79,678"
"Nov 18, 2019",$0.5227,$0.6032,$0.5051,$0.5065,"$84,355"
"Nov 17, 2019",$0.53,$0.5668,$0.52,$0.5397,"$87,993"
"Nov 16, 2019",$0.5261,$0.5699,$0.5169,$0.53,"$80,957"
"Nov 15, 2019",$0.5491,$0.5678,$0.5172,$0.543,"$97,499"
"Nov 14, 2019",$0.5884,$0.5913,$0.5279,$0.5491,"$38,274"
"Nov 13, 2019",$0.601,$0.6017,$0.5866,$0.5884,"$57,858"
"Nov 12, 2019",$0.6147,$0.6206,$0.5866,$0.6009,"$76,226"
"Nov 11, 2019",$0.6337,$0.6351,$0.5993,$0.6146,"$33,032"
"Nov 10, 2019",$0.6056,$0.6366,$0.6052,$0.6337,"$107,681"
"Nov 09, 2019",$0.6146,$0.62,$0.6045,$0.6057,"$108,771"
"Nov 08, 2019",$0.6486,$0.6495,$0.6051,$0.6145,"$109,238"
"Nov 07, 2019",$0.6542,$0.6552,$0.6326,$0.6488,"$104,828"
"Nov 06, 2019",$0.653,$0.6609,$0.6412,$0.6543,"$107,259"
"Nov 05, 2019",$0.6509,$0.6626,$0.6411,$0.653,"$115,227"
"Nov 04, 2019",$0.6398,$0.6671,$0.6355,$0.6509,"$107,842"
"Nov 03, 2019",$0.6534,$0.6576,$0.6342,$0.6404,"$100,853"
"Nov 02, 2019",$0.6387,$0.6585,$0.6373,$0.6531,"$110,692"
"Nov 01, 2019",$0.6236,$0.6481,$0.6113,$0.6387,"$111,280"
"Oct 31, 2019",$0.6236,$0.652,$0.595,$0.615,"$105,336"
"Oct 30, 2019",$0.6306,$0.6582,$0.5977,$0.6236,"$106,408"
"Oct 29, 2019",$0.7367,$0.7427,$0.6073,$0.6305,"$120,688"
"Oct 28, 2019",$0.5562,$0.7777,$0.5483,$0.7367,"$130,918"
"Oct 27, 2019",$0.5537,$0.6896,$0.5285,$0.5566,"$104,349"
"Oct 26, 2019",$0.5098,$0.6906,$0.5048,$0.5537,"$90,215"
"Oct 25, 2019",$0.4683,$0.5468,$0.4315,$0.5099,"$80,406"
"Oct 24, 2019",$0.4825,$0.5199,$0.2333,$0.4683,"$81,073"
"Oct 23, 2019",$0.5352,$0.5676,$0.4742,$0.4822,"$81,733"
"Oct 22, 2019",$0.5545,$0.581,$0.5121,$0.5274,"$91,498"
"Oct 21, 2019",$0.6071,$0.6538,$0.2932,$0.5544,"$92,209"
"Oct 20, 2019",$0.6391,$0.67,$0.2663,$0.3216,"$50,576"
"Oct 19, 2019",$0.5926,$0.6573,$0.5906,$0.6387,"$111,841"
"Oct 18, 2019",$0.5855,$0.8582,$0.5714,$0.5926,"$96,023"
"Oct 17, 2019",$0.6,$0.6182,$0.5735,$0.5857,"$92,231"
"Oct 16, 2019",$0.6115,$0.6267,$0.5755,$0.5925,"$104,981"
"Oct 15, 2019",$0.633,$0.6353,$0.5936,$0.6115,"$101,169"
"Oct 14, 2019",$0.6191,$0.6586,$0.5989,$0.6321,"$100,761"
"Oct 13, 2019",$0.6034,$0.6686,$0.6022,$0.6191,"$43,425"
"Oct 12, 2019",$0.6048,$0.6133,$0.5914,$0.6037,"$95,598"
"Oct 11, 2019",$0.6344,$0.6453,$0.6049,$0.6049,"$95,015"
"Oct 10, 2019",$0.6478,$0.6518,$0.6201,$0.6336,"$98,878"
"Oct 09, 2019",$0.6219,$0.6632,$0.6085,$0.6478,"$98,781"
"Oct 08, 2019",$0.6532,$0.6777,$0.5997,$0.6219,"$92,868"
"Oct 07, 2019",$0.714,$0.8179,$0.6081,$0.6533,"$106,957"
"Oct 06, 2019",$0.7168,$0.7583,$0.6807,$0.7077,"$105,335"
"Oct 05, 2019",$0.6212,$0.8961,$0.5884,$0.717,"$115,062"
"Oct 04, 2019",$0.6667,$0.8994,$0.6054,$0.6212,"$109,617"
"Oct 03, 2019",$0.6464,$0.9022,$0.6158,$0.6668,"$105,771"
"Oct 02, 2019",$0.6812,$0.9059,$0.6091,$0.6464,"$105,088"
"Oct 01, 2019",$0.7501,$0.9188,$0.6053,$0.6812,"$106,333"
"Sep 30, 2019",$0.775,$0.898,$0.5757,$0.75,"$139,566"
"Sep 29, 2019",$0.8042,$0.8968,$0.7254,$0.775,"$146,056"
"Sep 28, 2019",$0.7541,$0.9021,$0.7391,$0.8036,"$145,780"
"Sep 27, 2019",$0.8278,$0.8986,$0.7208,$0.7542,"$120,245"
"Sep 26, 2019",$0.905,$0.9171,$0.7288,$0.8121,"$139,872"
"Sep 25, 2019",$0.934,$0.9431,$0.7583,$0.9053,"$140,833"
"Sep 24, 2019",$1.03,$1.07,$0.778,$0.8127,"$129,968"
"Sep 23, 2019",$1.08,$1.22,$0.8897,$1.03,"$181,687"
"Sep 22, 2019",$0.9944,$1.08,$0.9118,$1.08,"$191,152"
"Sep 21, 2019",$1.11,$1.13,$0.9727,$0.9944,"$171,779"
"Sep 20, 2019",$1.17,$1.22,$1.03,$1.09,"$179,327"
"Sep 19, 2019",$1.04,$1.22,$1.00,$1.17,"$210,412"
"Sep 18, 2019",$1.10,$1.12,$1.03,$1.04,"$132,050"
"Sep 17, 2019",$1.13,$1.15,$1.05,$1.10,"$129,772"
"Sep 16, 2019",$1.09,$1.15,$1.04,$1.09,"$170,558"
"Sep 15, 2019",$1.13,$1.16,$1.05,$1.12,"$196,928"
"Sep 14, 2019",$1.09,$1.16,$1.05,$1.13,"$202,176"
"Sep 13, 2019",$1.06,$1.16,$1.05,$1.09,"$177,827"
"Sep 12, 2019",$1.06,$1.17,$1.03,$1.06,"$171,724"
"Sep 11, 2019",$1.11,$1.14,$1.02,$1.06,"$172,914"
"Sep 10, 2019",$1.05,$1.15,$1.03,$1.11,"$177,781"
"Sep 09, 2019",$1.09,$1.13,$1.05,$1.08,"$158,720"
"Sep 08, 2019",$1.13,$1.20,$1.08,$1.09,"$195,271"
"Sep 07, 2019",$1.14,$1.20,$1.07,$1.13,"$188,956"
"Sep 06, 2019",$1.20,$1.24,$1.07,$1.14,"$181,563"
"Sep 05, 2019",$1.25,$1.25,$1.09,$1.20,"$203,297"
"Sep 04, 2019",$1.21,$1.26,$1.14,$1.25,"$206,386"
"Sep 03, 2019",$1.21,$1.27,$1.09,$1.21,"$203,084"
"Sep 02, 2019",$1.05,$1.23,$1.01,$1.21,"$210,342"
"Sep 01, 2019",$1.02,$1.16,$0.9909,$1.05,"$171,845"
"Aug 31, 2019",$1.09,$1.15,$0.991,$1.02,"$178,628"
"Aug 30, 2019",$1.08,$1.15,$0.975,$1.13,"$187,561"
"Aug 29, 2019",$1.08,$1.15,$0.9761,$1.08,"$191,785"
"Aug 28, 2019",$1.26,$1.32,$1.01,$1.08,"$178,807"
"Aug 27, 2019",$1.37,$1.37,$1.05,$1.26,"$195,825"
"Aug 26, 2019",$1.09,$1.39,$1.06,$1.37,"$236,466"
"Aug 25, 2019",$1.32,$1.37,$1.04,$1.09,"$190,912"
"Aug 24, 2019",$1.38,$1.39,$1.21,$1.32,"$226,334"
"Aug 23, 2019",$1.36,$1.40,$1.05,$1.35,"$176,225"
"Aug 22, 2019",$1.09,$1.38,$1.02,$1.36,"$248,419"
"Aug 21, 2019",$1.25,$1.44,$1.03,$1.09,"$193,564"
"Aug 20, 2019",$1.29,$1.46,$1.09,$1.25,"$206,762"
"Aug 19, 2019",$1.16,$1.46,$1.07,$1.29,"$219,859"
"Aug 18, 2019",$1.12,$1.41,$1.05,$1.16,"$187,631"
"Aug 17, 2019",$1.52,$1.53,$1.10,$1.12,"$196,357"
"Aug 16, 2019",$1.33,$1.54,$1.07,$1.52,"$273,004"
"Aug 15, 2019",$1.32,$1.39,$1.24,$1.33,"$242,345"
"Aug 14, 2019",$1.30,$1.41,$1.17,$1.32,"$229,503"
"Aug 13, 2019",$1.36,$1.44,$1.16,$1.30,"$228,034"
"Aug 12, 2019",$1.43,$1.52,$1.22,$1.36,"$239,942"
"Aug 11, 2019",$1.47,$1.53,$1.21,$1.47,"$263,294"
"Aug 10, 2019",$1.61,$1.75,$1.22,$1.47,"$231,190"
"Aug 09, 2019",$1.59,$1.76,$1.26,$1.61,"$249,457"
"Aug 08, 2019",$1.52,$1.79,$1.24,$1.60,"$256,672"
"Aug 07, 2019",$1.22,$1.83,$1.18,$1.52,"$253,373"
"Aug 06, 2019",$1.81,$1.95,$1.22,$1.22,"$209,875"
"Aug 05, 2019",$1.58,$1.90,$1.53,$1.81,"$273,723"
"Aug 04, 2019",$1.82,$1.94,$1.44,$1.59,"$286,317"
"Aug 03, 2019",$1.69,$1.95,$1.45,$1.82,"$283,048"
"Aug 02, 2019",$1.67,$1.88,$1.61,$1.69,"$265,198"
"Aug 01, 2019",$1.83,$1.87,$1.39,$1.67,"$261,100"
"Jul 31, 2019",$1.65,$1.88,$1.46,$1.83,"$319,671"
"Jul 30, 2019",$1.40,$1.86,$1.27,$1.65,"$268,767"
"Jul 29, 2019",$1.38,$1.45,$1.35,$1.40,"$240,452"
"Jul 28, 2019",$1.38,$1.44,$1.27,$1.41,"$250,957"
"Jul 27, 2019",$1.38,$1.47,$1.27,$1.38,"$240,282"
"Jul 26, 2019",$1.27,$1.41,$1.22,$1.38,"$240,797"
"Jul 25, 2019",$1.38,$1.45,$1.23,$1.27,"$213,803"
"Jul 24, 2019",$1.38,$1.43,$1.18,$1.38,"$214,716"
"Jul 23, 2019",$1.24,$1.46,$1.19,$1.38,"$219,017"
"Jul 22, 2019",$1.23,$1.32,$1.15,$1.24,"$222,352"
"Jul 21, 2019",$1.27,$1.40,$1.16,$1.23,"$213,172"
"Jul 20, 2019",$1.14,$1.41,$1.12,$1.27,"$213,076"
"Jul 19, 2019",$1.14,$1.31,$1.09,$1.14,"$180,243"
"Jul 18, 2019",$1.09,$1.30,$1.04,$1.14,"$161,681"
"Jul 17, 2019",$1.15,$1.20,$0.9581,$1.09,"$167,974"
"Jul 16, 2019",$1.26,$1.32,$1.08,$1.15,"$124,485"
"Jul 15, 2019",$1.23,$1.34,$1.11,$1.26,"$184,977"
"Jul 14, 2019",$1.34,$1.40,$1.14,$1.23,"$201,579"
"Jul 13, 2019",$1.42,$1.44,$1.22,$1.34,"$213,907"
"Jul 12, 2019",$1.18,$1.45,$1.18,$1.42,"$232,241"
"Jul 11, 2019",$1.46,$1.58,$1.16,$1.18,"$192,704"
"Jul 10, 2019",$1.46,$1.75,$1.36,$1.46,"$233,190"
"Jul 09, 2019",$1.73,$1.80,$1.39,$1.46,"$259,160"
"Jul 08, 2019",$1.63,$1.76,$1.28,$1.73,"$279,016"
"Jul 07, 2019",$1.62,$1.69,$1.47,$1.63,"$263,654"
"Jul 06, 2019",$1.35,$1.71,$1.35,$1.62,"$268,502"
"Jul 05, 2019",$1.42,$1.66,$1.34,$1.35,"$223,614"
"Jul 04, 2019",$1.53,$1.63,$1.38,$1.42,"$261,200"
"Jul 03, 2019",$1.57,$1.67,$1.34,$1.53,"$246,562"
"Jul 02, 2019",$1.36,$1.59,$1.18,$1.57,"$245,946"
"Jul 01, 2019",$1.29,$1.48,$1.23,$1.36,"$151,925"
"Jun 30, 2019",$1.47,$1.63,$1.29,$1.29,"$172,653"
"Jun 29, 2019",$1.65,$1.82,$1.35,$1.52,"$250,306"
"Jun 28, 2019",$1.36,$1.81,$1.22,$1.65,"$255,175"
"Jun 27, 2019",$1.87,$1.91,$1.25,$1.36,"$197,051"
"Jun 26, 2019",$1.70,$1.99,$1.22,$1.87,"$290,194"
"Jun 25, 2019",$1.65,$1.87,$1.56,$1.70,"$269,040"
"Jun 24, 2019",$1.67,$1.93,$1.50,$1.65,"$275,333"
"Jun 23, 2019",$1.78,$1.96,$1.51,$1.67,"$266,026"
"Jun 22, 2019",$1.92,$2.10,$1.64,$1.78,"$290,317"
"Jun 21, 2019",$1.69,$1.95,$1.54,$1.81,"$205,673"
"Jun 20, 2019",$1.81,$1.89,$1.62,$1.69,"$262,067"
"Jun 19, 2019",$1.69,$1.86,$1.63,$1.81,"$301,995"
"Jun 18, 2019",$1.88,$1.88,$1.60,$1.69,"$286,570"
"Jun 17, 2019",$1.74,$1.89,$1.60,$1.64,"$270,097"
"Jun 16, 2019",$1.66,$2.00,$1.59,$1.74,"$296,125"
"Jun 15, 2019",$1.70,$1.97,$1.48,$1.66,"$263,448"
"Jun 14, 2019",$1.62,$1.86,$1.62,$1.70,"$265,772"
"Jun 13, 2019",$1.72,$1.84,$1.58,$1.62,"$256,804"
"Jun 12, 2019",$1.66,$1.80,$1.42,$1.72,"$280,113"
"Jun 11, 2019",$1.83,$1.83,$1.49,$1.66,"$280,073"
"Jun 10, 2019",$1.69,$1.83,$1.68,$1.83,"$299,905"
"Jun 09, 2019",$1.82,$1.84,$1.67,$1.69,"$279,576"
"Jun 08, 2019",$1.80,$1.99,$1.76,$1.82,"$296,206"
"Jun 07, 2019",$1.65,$1.99,$1.64,$1.80,"$329,755"
"Jun 06, 2019",$1.58,$1.87,$1.56,$1.65,"$64,080"
"Jun 05, 2019",$1.60,$1.82,$1.55,$1.58,"$80,627"
"Jun 04, 2019",$1.73,$3.06,$1.52,$1.60,"$68,133"
"Jun 03, 2019",$2.89,$2.89,$1.66,$1.73,"$81,724"
"Jun 02, 2019",$1.83,$3.02,$1.54,$2.89,"$106,542"
"Jun 01, 2019",$1.91,$2.09,$1.72,$1.83,"$86,094"
"May 31, 2019",$1.98,$2.08,$1.69,$1.91,"$92,068"
"May 30, 2019",$1.98,$2.27,$1.75,$1.98,"$99,887"
"May 29, 2019",$1.86,$2.11,$1.83,$1.98,"$100,149"
"May 28, 2019",$1.95,$2.18,$1.79,$1.86,"$88,820"
"May 27, 2019",$2.22,$2.26,$1.83,$1.95,"$83,903"
"May 26, 2019",$2.08,$2.24,$1.89,$2.22,"$114,981"
"May 25, 2019",$1.83,$2.10,$1.78,$2.08,"$84,885"
"May 24, 2019",$2.05,$2.22,$1.78,$1.83,"$113,884"
"May 23, 2019",$1.94,$2.23,$1.84,$2.05,"$118,277"
"May 22, 2019",$2.11,$2.42,$1.76,$1.94,"$97,982"
"May 21, 2019",$2.22,$2.44,$1.82,$2.11,"$96,140"
"May 20, 2019",$2.29,$2.49,$1.81,$2.23,"$108,461"
"May 19, 2019",$2.33,$2.52,$1.83,$2.29,"$122,955"
"May 18, 2019",$2.01,$2.48,$2.01,$2.32,"$94,802"
"May 17, 2019",$2.00,$2.51,$1.97,$2.01,"$88,321"
